"What do you remember from your dreams or other experiences during sleep? ( sequence of events, thoughts, sensations, feelings)",lucid_state,"If so, describe when and how you realized you were dreaming",cue_notice,"If so, describe how they appeared in your dream.","Describe how you became lucid. Was it the result of a cue, was it spontaneous, or was it something else that made you lucid?","Is there anything else you remember thinking, feeling, or experiencing during your sleep?","While dreaming, I was aware of the fact that the things I was experiencing in the dream were not real.","While dreaming, I was aware that the self I experienced in my dream wasn't the same as my waking self.","While dreaming, I was aware of the fact that the body I experienced in the dream did not correspond to my real sleeping body.",I was very certain that the things I was experiencing in my dream wouldn't have any consequences on the real world.,"While dreaming, I often asked myself whether I was dreaming.","While dreaming, I was aware of the fact that other dream characters in my dream were not real.",You feel more restless than usual,You woke up more than usual during last night,Waking up in the morning was more difficult than usual,It took longer than usual to wake up,You felt more tired than usual when waking up,pid,condition,night_number,rem_minutes,rem_episode_count,induction_highest_volume,rem_motion_avg,train_cap_reached_count,total_trains_delivered,device_time_start,motion_80pct_cutoff_first_4h
Nothing from my dream is clear,0,,0,,,,0,2,0,0,0,0,0,0,0,0,0,269962413216,3,1,48,10,0.075,1.8022795979762403,1,5,2026-06-01T03:30:49.045Z,1.757824885838631
Nothing,0,,0,,,,0,0,0,0,0,0,5,5,5,0,5,379882713876,0,2,24,16,,1.4390595035992877,0,0,2026-06-01T21:56:19.572Z,1.409273363667311
"I remember one thought -- I was dreaming that I accidentally bit my brother's ear while we were bantering, which I felt very bad about. In that same dream, we just talked a bit about volunteer positions and stuff that I'm thinking about recently.",0,,0,,,Nothing that comes to mind,1,1,1,1,1,1,1,1,1,1,1,109742463786,2,1,12,3,0,0.13921904259560813,0,3,2026-06-02T03:39:00.696Z,0.007449311531218117
Nothing,0,,0,,,,0,0,0,0,0,0,0,0,1,0,1,269962413216,5,2,57,87,1,1.7214619535252034,1,5,2026-06-02T03:36:44.456Z,1.720421185723729
I became rich from a startup idea i had,0,,0,,,No,1,1,1,1,3,1,0,0,0,0,0,159532853506,4,1,38,19,0.02,1.5856102479323193,1,5,2026-06-02T04:18:33.756Z,1.596047122105312
nothing,0,,0,,,nothing,1,1,0,0,0,1,0,5,2,1,1,269962413216,6,3,37,11,0.01,2.7217825513962426,1,5,2026-06-03T03:28:06.205Z,1.748644696096278
I remeber waking up because of a long sequence of sounds. I also remeber some dreams,0,,0,,,,0,1,0,0,0,0,2,4,3,0,2,379882713876,1,4,28,14,0.05,1.482651869818621,1,5,2026-06-03T21:17:04.213Z,1.4140197763228708
i remember really wanting a peanut butter and jelly sandwich,0,,0,,,,0,0,0,0,0,0,0,2,1,1,1,269962413216,4,4,41,25,0.035,2.0855021308188246,1,5,2026-06-04T03:55:01.361Z,1.8890901214646048
Events,0,,0,,,No,0,0,0,0,0,0,0,0,0,0,0,429282923166,3,5,72,18,0.01,2.1264803717616,1,5,2026-06-04T02:24:40.090Z,1.9203260199841934
I domt remember my dreams,0,,0,,,,0,0,0,0,0,1,4,0,3,4,5,379882713876,7,6,66,28,0.07,1.4538122177482267,1,5,2026-06-04T22:59:08.583Z,1.4152749467772656
"Waking up more, definitely being more restless",0,,0,,,,2,1,1,1,1,1,5,5,4,1,3,989102553716,5,1,22,22,0.025,1.3862401631623724,0,4,2026-06-05T05:15:28.320Z,1.385332221165779
I woke up to the beeps when there were many of them in a row. ,0,,0,,,,1,1,1,1,1,1,4,4,2,1,3,989102553716,5,1,58,77,1,1.3910805746707793,1,5,2026-06-06T02:55:19.812Z,1.3813877280728994
I woke up when there were series of the sounds for a long time ,0,,0,,,,1,1,1,1,1,1,4,3,3,3,4,989102553716,1,2,19,31,1,1.4329921684163145,0,4,2026-06-07T04:33:16.381Z,1.4271689026075955
I had active dreams after I fell back asleep after being woken up by the sound of the cue. ,0,,0,,,,1,1,1,1,1,1,4,5,3,2,3,989102553716,6,3,16,75,0,1.8688537043226998,0,2,2026-06-08T04:03:19.656Z,1.4260550397743976
I ft like “waves” throughout my body when I heard the sounds a few time ,0,,0,,,,0,0,0,0,0,0,5,5,4,2,4,309772723476,2,2,27,102,0.2,1.81588496930764,0,3,2026-06-09T03:45:30.074Z,1.373030517305574
I remember some of what happened during my dreams but nothing strongly ,0,,0,,,,1,1,1,1,1,1,2,3,2,1,2,989102553716,2,4,17,12,1,1.4369192427358353,0,3,2026-06-09T04:59:33.451Z,1.430419990896528
I just remember sleeping much better compared to previous nights ,0,,0,,,,1,1,1,1,1,1,2,1,1,1,2,989102553716,0,5,28,42,,1.433466596901294,0,0,2026-06-10T04:41:01.477Z,1.426466425152878
Thoughts/ events ,0,,0,,,Yes I remembered the dreams and that I was trying to change them ,1,0,0,0,1,0,1,3,5,4,4,309772723476,0,3,23,24,,1.4360129364949599,0,0,2026-06-10T03:50:03.287Z,1.4412010344457664
I remeber hearing the sound and thinking i could go back to the dream and try to be lucid. I am not sure if it was the dream or my imagination forcing it in a semi-awake status but i imagined to fly,1,Above,1,I think they woke me up,It was after the cues,,0,1,2,3,0,3,4,4,5,4,3,379882713876,5,7,47,16,0.35,1.386199282540405,1,5,2026-06-10T22:45:40.936Z,1.3707340089642395
NA,0,,0,,,No,0,0,0,0,0,0,4,1,2,0,3,309772723476,6,5,2,3,,1.5682043355705295,0,0,2026-06-11T04:35:23.747Z,1.4976971046483278
I remember feeling weirdly relaxed in my dreams like I had a lot of time. ,1,I had kind of woken up and then fell back asleep again. I think there wasn’t a lot happening in the dream. So I was asleep but there wasn’t like a real plot taking place yet. So I realised I was asleep ,0,,I think it was because I woke up a bit. ,,3,2,2,1,1,2,1,3,1,1,3,989102553716,7,6,19,34,0.09,1.5322088803916831,0,4,2026-06-11T04:01:33.913Z,1.429220052888109
I had dreams,0,,0,,,No,0,0,0,0,0,0,2,4,4,3,3,379882713876,3,8,74,14,0.65,1.4453113805354658,1,5,2026-06-11T22:33:49.791Z,1.4053247697524147
None,0,,0,,,No,0,0,0,0,0,0,0,4,4,1,4,309772723476,1,6,22,16,1,1.4292935121679984,1,5,2026-06-12T04:40:01.595Z,1.4319330074271845
I felt more relaxed than previous nights,0,,0,,,,1,1,1,1,1,1,1,2,1,1,1,989102553716,3,7,55,55,0.65,1.4434402865711733,1,5,2026-06-12T04:37:54.173Z,1.4331808992510942
No lucid dreams,0,,1,-,,I thjnk there was a bug and a weird sound started to play like a bee noise flying,1,0,1,0,1,1,2,4,3,2,3,379882713876,7,9,7,18,0,3.8039145399695293,0,1,2026-06-12T22:58:54.588Z,1.397261719867202
I slept better than usual and remember having more dreams ,0,,0,,,,1,1,1,1,1,1,2,2,2,1,1,989102553716,4,8,26,83,0.15,1.5461218918145436,1,5,2026-06-13T05:16:25.133Z,1.4278702088629367
Not a lot,0,,0,,,No,0,1,1,2,1,0,4,3,4,4,5,379882713876,0,10,45,10,,1.4288550018202562,0,0,2026-06-13T23:18:54.194Z,1.4163399898022027
I had vivid dreams. ,0,,0,,,,1,1,1,1,1,1,1,1,1,1,1,989102553716,3,9,13,46,0,1.4417627851947015,0,1,2026-06-14T04:09:42.321Z,1.426549153898427
I slept pretty much straight through the night ,0,,0,,,,1,1,1,1,1,1,1,1,1,1,1,989102553716,2,10,5,6,0,1.4378630817650446,0,1,2026-06-15T04:57:53.228Z,1.4298550331909954
I slept more deeply while having dreams ,0,,0,,,,1,1,1,1,1,1,1,1,2,1,1,989102553716,6,11,11,20,0.45,1.9319332159642657,0,2,2026-06-16T05:54:28.292Z,1.431941821188629
Was in a restaurant with family and saw my guidance counselor with her family and was surprised and I sit close to them and talked,0,,0,,,No,1,1,1,1,1,1,1,1,3,4,1,649352693886,0,2,118,6,,0.4255658129853704,0,0,2026-06-19T05:02:15.476Z,0.5000099007474158
I was in a hotel with my family and I felt excited and nostalgia and we went to the pool,0,,0,,,No,1,1,1,1,1,1,3,1,1,1,1,649352693886,0,2,49,6,,0.3228347413673711,0,0,2026-06-18T04:40:00.166Z,0.3329407785659721
Me talking to my cousin's dog and another dream where my other cousin tries to break my watch,0,,0,,,No,0,1,0,0,0,0,1,1,1,1,1,649352693886,7,4,58,6,0.07,0.33536111161098103,1,5,2026-06-20T05:50:28.000Z,0.3563643679907252
I remember being in some vintage movie theater where I had this Controller and some lady said I could control the movie with it and the cues woke me up from the dream but didn't make me lucid,0,,1,I heard it in the dream but woke up shortly after ,,No,0,0,0,0,0,0,0,4,0,2,4,649352693886,3,5,23,6,0.07,0.6610337130089451,0,4,2026-06-21T06:27:59.632Z,0.557145349583824
Nothing,0,,0,,,No,0,0,0,0,0,0,1,0,0,0,0,559152833836,2,1,22,2,0.8,0.1798814487955067,0,3,2026-06-24T03:30:44.779Z,0.20090320201072714
"I was quite relaxed when i went to sleep. I was tired. I do remember thinking at one point during the night, this is lucidity.",1,"While I was dreaming, I felt like I was awake. I felt concious that I was still asleep, but also knew at that time that I had some control of the direction this dream would go. ",0,,"I don't recall how, or what prompted it.  I feel like I was thinking I could/should write it all down so I could remember. But, unfortunately, I don't remember all the details.  Only that I thought, oh here we are, I'm aware that I'm asleep and knew that I was dreaming, but I was not in control enough to actually wake. ",Not at this moment..,4,4,4,3,2,2,3,3,3,1,4,999252563296,1,1,2,1,,2.330940397477812,0,1,2026-06-24T02:31:54.148Z,0.31242552918884803
Nothing ,0,,0,,,No,0,0,0,0,0,0,0,0,0,0,0,299542783686,1,2,30,3,1,0.26664178046855963,1,5,2026-06-24T04:05:17.588Z,0.2401028900481792
No dreams,0,,0,,,,3,3,3,3,3,2,2,0,1,1,1,929882413656,3,1,19,2,0.2,2.2870607121245983,0,3,2026-06-24T04:10:24.205Z,3.405822367815947
I had no dreams last night.,0,,0,,,,0,0,0,0,0,0,4,4,0,0,3,859972693426,6,2,6,7,0.08,1.909141737214936,0,1,2026-06-24T04:26:05.451Z,1.7167136348405396
"Traveling in Europe. Flirting with a woman. Speaking some broken German. There were mountains and castles. I went around exploring but then the woman was mad at me because I left her to go explore then came back to her. Then I was in a German language class.

Then I was traveling with my friend will. We went to Gaza and bought some delicious food from a local Street vendor. Then we're about to head to Israel. And I remembered that the war was going on. Then I woke. I remember thinking that he probably wanted to go to certain places because he's never been before. And maybe I would want to not go to the same places and wondering if it was a good idea to travel with him",0,,0,,,I didn't sleep that great. I usually wear ear plugs when I sleep. I assume that I can't wear them during this study. I've become so accustomed to wearing ear plugs and an eye mask when I sleep. I did wear the eye mask. I'm not sure if I was supposed to or not,0,0,0,0,0,0,4,4,1,0,3,909232733626,3,2,9,1,0.03,0.5486229518087988,0,1,2026-06-24T04:50:15.302Z,0.756121275299613
Being with others and traveling ,1,Sensation of being elsewhere ,0,,Not sure,Peaceful ,3,4,2,2,1,1,0,1,0,0,0,379172703886,1,1,75,9,0.8,0.2979359813648772,1,5,2026-06-24T01:30:25.529Z,0.32495617794575776
None,0,,0,,,,1,1,1,1,1,1,1,1,1,1,4,349462673936,4,1,8,2,0.05,0.06829511026150066,0,2,2026-06-24T02:43:56.540Z,0.07417084167951361
Nothing.,0,,0,,,No,1,1,1,1,1,1,3,2,2,2,4,389482323236,0,1,102,23,,2.2581092358652435,0,0,2026-06-24T03:26:49.206Z,2.3076252332032654
"Weird.  I don't know how old I was but I was with a couple and their 3 kids and we were supposed to be doing some worksheets. The husband somehow spilled the sauce over the living room and dining room
 He got sauce on the walls, carpet,  dapes, furniture,  and also broke a few dozen dishes in the process. When I went to help clean it up,  the wife accused me of wanting her husband.  Then my husband called and told me to come home.  In the dream, I know I was not old enough to be married.  I was more like the children's ages- 9, 10.  It left me felling weird  and out of sorts when I woke up.",0,,0,,,I did hear a train sound that upon waking was my phone.,1,2,5,3,1,1,3,4,1,1,1,299342693996,6,1,76,12,1,0.6053002528870793,1,5,2026-06-24T02:31:55.193Z,0.4392673007905475
Dinosaurs and having to run from something,0,,0,,,No,1,2,1,1,1,1,1,1,1,1,1,869822633666,4,1,17,4,1,0.20279064921196827,0,3,2026-06-24T04:27:03.707Z,0.18272082743313503
I felt like my sleep was lighter than normal. I remember being in someone’s room (potentially mine) and laying down and being told to watch these flashing lights for my sleep. The guy leading this study was a young (like early 20s) cute dude. He gave me a back massage and then I don’t remember what happened next but the dream changed to another dream.,0,,0,,,I woke up a few times because of the beeping because they were played close together ,0,2,0,2,0,0,3,5,0,0,1,689222633176,1,1,6,19,0,2.697344984895237,0,1,2026-06-24T03:23:08.303Z,1.8171712605200439
I remember staying in a hotel. I remember walking my dog in a parking lot.,0,,0,,,I remember a dreamlike state while first falling asleep,0,0,0,0,0,0,3,4,1,1,1,609382353906,5,1,18,9,0.02,0.5860265898559838,0,3,2026-06-24T03:08:28.218Z,0.5508283991639984
"The previous evening I was called out for my job and only got 4 hours of sleep, with no nap, so I was extremely tired. I tried to get to sleep using a dream starter to see see where my mind would take me and if I could lucid dream. I did the practice, but once I fell asleep, I don't remember any of my dreams. I felt like there were periods where I was more lucid and wondered if my phone was working because I didn't hear the tone, and when I did hear the tone, I reacted like it was an alarm and tried to get it to stop, so I'll have to keep practicing with it. ",0,,0,,,,1,1,1,1,1,1,4,4,3,3,4,559112503106,1,1,84,12,0.08,0.9033825202648869,1,5,2026-06-24T02:21:30.977Z,0.9453576051911354
Don't recall dreaming. ,0,,0,,,no,0,0,0,0,0,0,0,0,2,2,2,389132113316,2,2,4,1,0,0.2975388440006229,0,1,2026-06-24T06:23:17.943Z,0.13038086809157473
"Numb tingling, kept eakinh me",0,,1,Wole me jup,,Tried to induce dream. Make pics. Snorkel,5,5,2,5,1,3,0,4,4,4,4,139662433656,2,1,118,7,1,0.15537752768619964,1,5,2026-06-24T03:11:29.020Z,0.13271293981524548
I remember thinking about my wife right before waking up.. I may have been awake at that point but I did not move or open my eyes.  She is in Iceland this week with two of our three children. ,0,,0,,,"Nothing, I do not feel refreshed this morning, I did go to bed late last night, 2:30 Am.   Which isn't abnormal.. Let me know if I should actively try to go to bed earlier",0,0,0,0,2,0,5,1,5,5,5,869982223106,1,1,21,3,1,0.2974244546008336,1,5,2026-06-24T06:41:32.619Z,0.26096372144743774
Only bits and pieces. Normal life scenarios. Feelings of calm.,0,,0,,,No,1,0,0,0,0,0,0,0,1,1,0,719202523406,6,1,6,3,,2.750924547136094,0,1,2026-06-24T07:37:59.272Z,0.921718938329927
"I don't recall having any dreams last night. I actually didn't sleep well, but I've been going through a bout of insomnia lately. ",0,,1,I didn't have a dream last night but I do recall in a sleeping haze hearing beeping.,,No,3,4,4,4,0,5,3,3,1,2,1,119252313396,5,1,51,8,1,0.41362960178926206,1,5,2026-06-24T01:53:36.636Z,0.44782561266476306
I felt cautious. My grandfather was in it who passed away over 6 years ago,0,,0,,,I was glad to see my grandpa ,1,1,1,1,1,1,2,4,1,1,3,769362533216,7,1,21,3,1,0.5774596472947199,0,4,2026-06-24T06:00:53.178Z,0.4360239437028962
Nothing,0,,0,,,No,0,0,0,0,0,0,0,1,1,1,1,469412693116,3,1,46,11,0.45,0.18829361721893328,1,5,2026-06-24T03:39:04.587Z,0.10654419325720037
Very little. I didn't sleep very well and barely remember anything. ,1,They're was a point in one of my dreams where I was late for work. But i knew it wasn't real. ,1,I heard the ring noise from my phone as my alarm to wake up,It was spontaneous. I was just aware that I was dreaming and it wasn't real.  ,I didn't sleep well. I got a bug bite and was tossing and turning all night so I don't remember much.,3,3,3,3,2,2,1,4,4,3,4,989422303806,5,1,75,4,1,0.16246402709279817,1,5,2026-06-24T03:54:41.481Z,0.30248972643696037
"I remember talking to people, but I don't remember what the conversation was about except for a few sentences about a specific person.",0,,0,,,,0,0,0,2,0,3,5,2,0,0,2,539362833586,0,1,103,14,,0.11975473121171168,0,0,2026-06-24T04:12:02.565Z,0.10605941609307984
No,0,,0,,,No,1,0,0,1,0,0,0,0,2,2,1,669392133326,5,2,29,10,0.55,1.7235555546966066,0,4,2026-06-24T06:32:42.490Z,1.652771940826799
"I had more vivid dreams, I was at no point lucid but as soon as the dream ended I was aware of it",0,,0,,,No,2,2,2,2,1,2,1,3,3,3,3,729422983146,6,1,86,9,1,0.8542594499270059,1,5,2026-06-24T06:26:33.601Z,0.9231751327505653
I remember realizing it was a dream but don't remember details ,1,I just knew somehow,0,,It just sorta happened ,,3,1,2,3,0,3,0,3,0,0,1,489412463416,1,2,29,5,0.95,0.06367662507900561,1,5,2026-06-24T14:00:45.353Z,0.042205659618575586
"I was really high up in the air and about to skydive, i could choose a ton of things to fall woth and i remember the person i was with. Getting to this height was also optional by me",0,,0,,,,2,3,5,5,0,0,2,4,3,3,2,809312773786,0,3,70,12,,1.7641692561685807,0,0,2026-06-24T16:10:55.073Z,1.688863820774085
Yes,1,2am floating ,1,Trees and sunlight,Spontaneous ,Floating ,4,3,4,3,3,3,3,2,2,2,1,579562183996,2,2,16,6,0,0.6600135029371225,0,4,2026-06-25T00:38:12.529Z,0.5849371467442512
Peaceful ,1,Experiencing activity elsewhere ,0,,Unsure ,No,3,3,3,3,1,3,1,1,0,0,0,379172703886,3,2,97,2,1,0.4405431714364933,1,5,2026-06-25T01:29:06.963Z,1.1500915217140155
Nothimg,0,,0,,,No.,0,0,0,0,0,0,1,0,0,0,0,559152833836,0,2,106,15,,0.47956559996767895,0,0,2026-06-25T02:26:15.242Z,0.5042880996244644
"Nothing really, just being woken up once by my own prompt "" I am dreaming"" .",0,,0,,,No,0,0,0,0,0,0,2,2,0,0,0,299342693996,4,2,80,8,0.55,0.4294555902466112,1,5,2026-06-25T02:48:10.217Z,0.560786294177929
Trying to organize a  luncheon for work  and not getting any cooperation from others ,0,,0,,,Looking for a bathroom ,1,1,1,1,1,1,3,1,1,1,1,989992953266,5,1,29,14,1,0.1775115647515775,1,5,2026-06-25T03:22:20.793Z,0.18051751361393514
Nothing,0,,0,,,No,0,0,0,0,0,0,0,0,3,3,3,609382353906,7,2,5,1,0.75,0.2697592878075045,0,1,2026-06-25T04:02:45.015Z,0.27706321975380094
Cleaning.  Helojgvold nan race clearing out iffif3 withvrorren food er with 2vguys  willing to work elsewkere,1,Just knew.  Durected,0,,Just was,,4,4,1,4,1,4,3,4,4,4,4,139662433656,1,2,19,2,1,0.1805526192083692,0,3,2026-06-25T02:30:10.940Z,0.20292231194621832
"I was visiting my friend will. He had some interesting pets. One was a gorilla. I was worried that it would get angry and attack me. It looks cute otherwise though. The other was too baby penguins that were shivering because we fed them ice cream. Then I remember going to a convenience store because I wanted coffee and they were done making coffee and I spoke to them in Spanish about why the coffee wasn't able to be made anymore. I also remember something about a British coworker. He and I usually don't get along. And this time, He saw me swimming in the pool and said that I looked chipper and was wondering what I've been up to. I told him I've been doing a lot of Fitness and I noticed him feeling skeptical about me and thinking that I don't do any work. I Was also helping either coworkers or my estranged sister to fix some wardrobe. Malfunctions they were having during the work day. Then I also remember talking to my neighbor Pat. Heroes telling me about some Job fair or conference at his company. But it was today and I had to work Cover bei continuier listening to him because he's bigger than me and tough. I was asking him where he goes during the winter because he goes to the cape during the summer and he wasn't really telling me much of anything. ",0,,0,,,I also was awake for a while.  This was probably because I'm still getting used to sleeping without ear plugs in my ears and it was hot so I had the fan on. I woke with an erection a few times but don't remember any sexual dreams ,0,0,0,0,0,0,3,4,2,2,3,909232733626,3,2,51,13,0.08,0.2809926525721814,1,5,2026-06-25T02:30:22.172Z,0.2309255281028185
I woke up once in the night for the bathroom. No dreams. ,0,,0,,,,0,0,0,0,0,0,0,0,4,0,4,389132113316,7,3,7,2,0.08,0.269112100370263,0,1,2026-06-25T06:22:42.778Z,0.20906207631055648
One dream was about being in a stadium and handing out tickets.,0,,0,,,No,4,1,1,3,1,2,4,5,1,1,1,199302983846,2,1,60,10,0.2,0.2921506956067848,1,5,2026-06-25T03:55:27.247Z,0.30338518850146845
"I remember as I was drifting off, I was wondering if I actually drifted yet. Not completely lucid, but semi. I",1,"I was laying down physically, then I realized I felt like I was standing up. Nothing drastic, but I was lucid in the setting of my bedroom, which was hard to tell.",0,,"Maybe it was the thought of being lucid? Idk. I was dwelling on it and then maybe that triggered it, along with the cues.",No,3,2,2,2,3,3,1,0,0,0,0,189282363536,0,1,23,4,,0.16949028744950803,0,0,2026-06-25T05:37:47.083Z,0.2514318287548525
Events,1,I knew something in my dream wasn't real.,0,,Spontaneous ,No,4,3,3,3,2,3,1,4,3,3,3,989422303806,3,2,98,6,0.09,0.3667468471760052,1,5,2026-06-25T04:28:15.736Z,0.5474366623215925
Normal everyday life dreams,0,,1,I was awake or in light sleep so it woke me.,,No,0,0,0,0,0,0,0,0,0,0,0,719202523406,2,2,52,5,1,0.6954800772689846,1,5,2026-06-25T06:25:03.889Z,0.8762454262823024
I had one dream that I very vaguely remember and was not lucid at all,0,,0,,,No,1,1,1,2,1,1,4,1,2,1,2,729422983146,4,2,111,7,0.35,0.3207305909777287,1,5,2026-06-25T06:46:50.996Z,0.28781195401610676
No,0,,0,,,No,0,0,0,1,0,0,1,0,2,1,1,489412463416,1,2,50,11,1,0.6995351634342418,1,5,2026-06-25T06:25:09.334Z,1.087209747859189
"I remember listening to the instructions on the app,and musr have dozed off, because it was quiet. ",1,"I had been dreaming about the preschool I had run years ago. My minds eye then turned to .y deciding on which very colorful, primary colored cartoon shapes I could choose to keep. I  remember thinking I needed to remember this moment, don't forget the shift in reality. I thought about why then? What would make me need to be aware that I was dreaming, and insist I remember that color scheme? I was aware that I driving my options.",0,,I am not sure if there was a cue to prompt it.  I often dream at night and remember highlights of them in the morning. ,Just that I felt I had an opportunity to change directions.,4,3,3,4,2,4,3,0,1,1,1,999252563296,2,3,4,1,0,0.16332324934168072,0,1,2026-06-26T02:45:12.480Z,0.10684672970074156
No,0,,0,,,No,0,0,0,0,0,0,3,0,2,4,0,299542783686,2,4,16,2,1,0.3302832653183185,0,3,2026-06-26T05:21:24.717Z,0.3911290195427041
On a bridge and exercising ,1,While exercising ,0,,Not sure,No,4,3,3,3,1,3,1,1,1,1,1,379172703886,0,1,50,7,,0.18994703835443244,0,0,2026-06-26T01:09:08.936Z,0.32123660982569374
I had a realization that I forgot to ask for the leases for the commercial spaces for the house that I just bought. I looked around and there was a circus act going on. I was up on top of some platform. I must have climbed up and I had slid down before using a pipe but then I looked all around and there wasn't any easy way down anymore. Then I saw that in the circus the main actress was about to faint. And some firemen went up into a ladder. Joined her in the circus. And rescued her in a stretcher. I had a thought that I could also come back down using the stretcher because I was afraid of heights and up at such a high height without a way down. Then I ended up traveling somewhere with my estrange sister and my coworker was there too. There was something about ordering food. He ordered some pizza but he didn't really like it. I ordered some type of salmon dish that had all sorts of good things in it and it was really tasty. He seemed pretty jealous. I think I went somewhere with my sister. We were in a hotel and I think I was there with a volunteer group from strange organization or church. We were sitting down to dinner and then the hotel decided that they were going to take a break and didn't serve us dinner because the hour before dinner was reserved for petting the dogs. Then I remember going to a bedroom and getting ready for bed. But I could hear my sister talking to someone and it sounded like she was describing some type of torture or trouble that she was having.,0,,0,,,No. I woke up for a while around 3:00 a.m. and couldn't fall back to sleep. I read for a bit and put in some ear plugs and that helped. So I slept for another couple hours.,1,1,0,1,2,1,3,3,2,1,4,909232733626,0,3,50,12,,0.22450889632661905,0,0,2026-06-26T02:32:24.447Z,0.2409663721793448
I just vaguely remember I dreamt about someone ,0,,0,,,,0,0,0,0,0,0,0,1,0,0,0,839812403536,3,1,18,9,0.2,1.3507931819820769,0,4,2026-06-26T02:43:34.103Z,1.152651457809298
Nothing,0,,1,Beep,,No,0,0,0,0,0,0,3,2,0,0,0,899352433976,7,1,5,3,0,0.09457283423324994,0,1,2026-06-26T03:07:48.261Z,0.09250503762307655
No,0,,0,,,No,1,1,1,1,1,1,1,1,2,1,2,869822633666,5,3,40,6,1,0.33245284928473867,1,5,2026-06-26T04:22:34.128Z,0.19912048009569777
Nothing,0,,0,,,No,0,0,0,0,0,0,2,2,1,0,0,559152833836,7,3,26,3,0.05,0.3877108802559711,0,4,2026-06-26T03:28:21.441Z,0.23299098413536323
Some kind of injection,1,I had to get up in the middle but knew before I was dreaming ,0,,Don't know,No,3,2,1,1,0,1,1,1,1,1,3,349462673936,3,2,134,6,1,0.8438381587143668,1,5,2026-06-26T03:16:13.849Z,0.9349961975467865
Party Costco ,1,Thought it,0,,Thought it could make b others do what i wanted them to do,Shane,4,4,3,3,3,4,3,4,3,3,4,139662433656,6,3,64,10,1,0.21515163247996094,1,5,2026-06-26T02:06:19.776Z,0.21452255668877873
I remember my brother watching a Ghostbusters cartoon and doing a puzzle where he had to paint the pieces. I then got ice cream at a busy place with a long line and went to a thrift store then was playing on monkey bars.,0,,0,,,No,0,0,0,0,0,0,0,0,3,3,1,609382353906,0,3,53,9,,0.15480688260754327,0,0,2026-06-26T03:30:49.410Z,0.18298134603379346
Dreamed of former work associates ,0,,0,,,No,1,1,1,1,1,1,4,3,2,1,3,989992943266,7,2,8,3,0,1.272548774732659,0,2,2026-06-26T03:25:15.157Z,0.147898044737712
Nothing ,0,,0,,,No,1,1,1,1,1,1,3,1,3,2,1,389482323236,2,2,1,1,,0.09326264845015768,0,0,2026-06-26T04:44:53.601Z,0.0325702001973878
I don't recall dreaming last night,0,,0,,,,1,1,1,1,1,1,2,1,1,2,1,329182283526,3,1,59,15,0.55,0.09332089543838284,1,5,2026-06-26T05:29:08.241Z,0.08811597819787509
no dreams,0,,0,,,,0,0,0,0,0,0,0,0,0,2,1,389132113316,0,4,180,10,,0.38664469037540633,0,0,2026-06-26T05:21:30.294Z,0.26306150636721853
I don't remember anything from my dreams last night. ,0,,1,They didn't appear in my dreams. I woke up and they were playing on my phone. ,,No,1,1,1,1,1,1,5,3,4,4,4,989442303806,6,1,103,7,1,0.2661000922826757,1,5,2026-06-26T05:41:15.599Z,0.2639389080371159
"I had a few dreams throughout the night. Grocery shopping, working in a dental office, driving around and hanging out with a new guy, my brother and son driving a truck.",0,,0,,,No,1,4,3,5,1,4,0,4,0,0,0,449582833316,0,1,131,9,,0.2301686072014883,0,0,2026-06-26T05:26:31.837Z,0.2763181485446921
"I do remember having a dream, but no thoughts, sensations, or feelings.",0,,0,,,No,1,1,1,1,1,1,3,3,1,2,3,719602313796,2,4,9,2,0.1,2.188868909870129,0,2,2026-06-26T12:18:10.878Z,1.8824049011184385
Trails,0,,1,Light,,No,3,2,3,2,2,2,1,1,1,1,1,579562183996,4,4,53,16,0.09,1.2746106224382647,1,5,2026-06-27T01:35:48.420Z,1.3666002334444258
"Large crowd, feeling tired and overwhelmed ",1,Absurd setting and didn't make sense,0,,Spontaneous ,No,5,5,5,5,1,5,3,3,1,1,1,379172703886,1,2,152,65,1,0.4119560375203922,1,5,2026-06-27T01:59:36.602Z,0.41065395854997133
I don't recall my dreams from last night. ,0,,0,,,"No. We had gone to a show, and it was a later bedtime than normal. ",3,3,3,3,3,3,3,3,3,4,4,999252563296,0,4,38,12,,0.44774740147881537,0,0,2026-06-27T04:11:53.055Z,0.39214225707973244
"Nothing, felt awake much of the night",0,,0,,,No,0,0,0,0,0,0,4,4,0,0,2,899352433976,0,1,37,4,,0.8955621408816798,0,0,2026-06-27T03:02:20.442Z,1.1558645245079986
I don't remember any dreams from last night.,0,,0,,,,0,0,0,0,0,0,1,1,0,0,0,439442713976,4,2,35,7,0.08,0.20369706925743822,1,5,2026-06-27T03:21:41.731Z,0.14603527428781934
Interrupted dreams towards the end ,0,,0,,,No,0,0,0,0,0,0,2,4,2,2,3,839812403536,1,2,26,12,0,1.4967893018232759,1,5,2026-06-27T04:16:15.916Z,1.2149166121512491
I was somewhere cold on a feild trip sorta. My necklace kept touching my chest and neck and making it cold. ,0,,0,,,No,1,1,1,1,1,1,2,3,2,1,1,869822633666,1,4,24,7,1,0.3553861909189098,1,5,2026-06-27T04:46:27.737Z,0.22909354395186957
I don't remember any from last night,0,,0,,,No,0,0,0,0,0,0,1,3,1,0,0,449582833316,4,2,45,10,1,3.17304148816203,1,5,2026-06-27T07:47:44.157Z,3.2122119704626697
I remember a willow tree,0,,0,,,,2,2,1,0,0,0,0,2,2,4,3,689222633176,0,1,40,13,,1.9006109929566652,0,0,2026-06-27T06:54:55.088Z,1.8516560821011796
Being with extended family ,0,,1,Beeping ,,Anxious ,1,1,1,1,1,1,5,4,3,3,5,989992943266,1,3,123,9,1,1.1262758467543401,1,5,2026-06-27T02:41:46.594Z,1.554506092936081
I remember some details about my dream.,0,,0,,,My dream was a bit predictable in that I was expecting something to happen and it did eventually ,1,1,1,1,1,1,2,1,1,1,1,719602313796,6,5,9,5,0,2.017333828383983,0,2,2026-06-27T10:00:50.295Z,1.828381968624678
I woke up a lot and didn't dream.,0,,0,,,No,0,0,0,0,0,0,5,5,0,0,3,609382353906,0,1,37,2,,1.2089135779444857,0,0,2026-06-28T04:31:42.779Z,1.720763047930391
"Being at a restaurant with my husband's grandparents.  I was going to take a picture of his grandfather and send it to my husband when I remembered he had already passed away, then I woke up.",1,When I realized that someone in my dream was really dead,0,,I think it was spontaneous and a result of knowing the true situation ,I keep waking up after every dream so I am not remembering all of them,5,4,5,1,1,3,1,3,1,1,4,439442713976,1,3,72,12,1,1.1531577219842497,1,5,2026-06-28T04:03:19.428Z,1.2955142734467113
Srx  party ,1,Heard sound,1,Didnt encorporate,Heard sound realized lucid,Weird sound c like rusting on phone woke mecup,3,3,2,4,3,3,2,4,4,3,3,139662433656,6,2,3,1,,5.942307551200581,0,1,2026-06-28T08:18:08.054Z,0.20297463583093414
I woke for a bit during the night and read and was able to fall back to sleep. I don't remember dreams today.,0,,0,,,,0,0,0,0,0,0,4,3,2,2,3,909232733626,0,1,68,13,,0.3923863291866479,0,0,2026-06-28T03:14:46.204Z,0.43380234496632825
Didn't dream last night,0,,0,,,No,0,0,0,0,0,0,0,0,0,0,0,449582833316,3,3,13,4,0.1,2.667643476308736,0,2,2026-06-28T05:59:37.617Z,2.716505692969616
Nothing ,0,,0,,,No,0,0,0,0,0,0,1,1,1,2,1,299542783686,1,2,8,1,0,2.1593185654675704,0,1,2026-06-28T08:55:00.422Z,0.735814624492851
Very little maybe one/two image from a dream,0,,0,,,No,0,0,0,0,0,0,2,1,2,1,1,839812403536,0,1,99,53,,1.527753176618979,0,0,2026-06-28T06:48:15.378Z,1.4006215549924987
"I remember my thoughts and the story of the dream, but no sensations or feelings.",0,,0,,,No,1,1,1,1,1,1,3,1,2,2,3,719602313796,0,1,20,18,,1.5878010419220365,0,0,2026-06-28T09:14:33.361Z,1.5491696552475052
Nothing ,0,,0,,,No,0,0,0,0,0,0,0,0,0,0,0,649352693886,0,1,92,7,,0.48669655029820286,0,0,2026-06-28T06:43:41.270Z,0.545636034116103
Nothing,0,,0,,,No,0,0,0,0,0,0,0,0,0,0,0,849612183766,0,1,18,5,,0.15788305728216373,0,0,2026-06-29T05:07:26.896Z,0.13992830327284345
Nothing ,0,,0,,,No,0,0,0,0,0,0,2,3,2,2,2,299542783686,5,3,12,3,0.01,0.4908554104074359,0,2,2026-06-29T04:18:25.283Z,0.11196795296257851
Thoughts,1,Part way through.  Realized it wasn't anything that would happen,1,A sound ,Something else,Confusion ,4,4,4,4,2,4,4,4,1,2,1,579562183996,6,7,289,15,0,1.386538503075788,1,5,2026-06-29T00:45:44.141Z,1.144603026150226
Beep kept me u fields buying a Hampton.  Medsy place thing to climes up make up purchase,1,I just did,1,Woke mevup.  Couldnt incorporated in dream ,"Spontaneous 
",Felt body buzzing during beeps.  I counted the berps,4,4,3,4,4,3,3,4,3,3,3,139662433656,1,3,125,34,1,0.2194080569985181,1,5,2026-06-29T03:09:03.069Z,0.20898798502780092
I woke up a lot throughout the night. No dreams. ,0,,1,"Lesso in a dream and moreso as I tossed and turned, I heard a bell. ",,no,0,0,0,0,0,0,4,4,3,4,4,389132113316,0,1,27,1,,0.0910100494848507,0,0,2026-06-29T06:15:19.126Z,0.09101004948483973
"The room temperature was warm, and I woke early with a headache. But I fell asleep rather quickly. I remember dreaming was like an extension of my day. ",0,,0,,,"No, I have been under a great deal of stress at work and we're getting ready to list or house. Unfortunately,  I didn't dream a much last night. ",2,3,3,3,3,3,2,1,2,1,3,999252563296,3,2,18,3,1,0.10881170513879096,1,5,2026-06-30T03:04:41.569Z,0.10860503008653187
People,1,It was a repeat of the evening ,1,Echo ,Cue,No,3,3,4,2,2,4,4,5,3,1,2,579562183996,1,8,4,1,0,1.2928555513618096,0,1,2026-06-30T04:26:28.273Z,0.1373071837256814
Nothing,0,,0,,,No,0,0,0,0,0,0,4,0,4,3,4,929272753896,4,2,22,18,0.1,2.878778131151615,0,4,2026-06-30T02:37:56.056Z,2.8843789489705416
Don't remember ,0,,0,,,No,3,3,3,3,3,3,0,0,0,0,0,379172703886,3,5,107,39,0.85,2.6176025724288863,1,5,2026-06-30T01:28:33.990Z,2.6825414194175337
Nothing ,0,,0,,,No,0,0,0,0,0,0,3,3,3,3,2,609382353906,4,2,31,4,1,0.41766609047784375,1,5,2026-06-30T03:11:16.573Z,0.7650455819802524
I had a dream that I stayed at a friend's house. I picked my nose and what came out was like a giant piece of artwork. Very intricate with spaceships and other designs. I felt a bit embarrassed but also proud about it. I remember the feeling of pulling it from my nose been thinking about how it showed all of my sinuses. I also remember going to a zoo near a beach. I remember helping some kids build some things at the zoo. They were there as part of some class. I also remember going to a live music bar.,0,,0,,,I woke up to pee and heard some cues. I didn't hear that when I was dreaming,1,1,1,1,1,1,3,2,3,3,4,909232733626,3,2,5,1,0.65,0.008612990896963883,0,1,2026-06-30T03:57:52.059Z,0.007959396125727014
Nothing ,0,,0,,,No,0,0,0,0,0,0,0,0,0,0,0,839812403536,6,3,137,25,1,1.3667895250984046,1,5,2026-06-30T02:48:08.425Z,1.23573674191213
Words visit from his friend who played with my daughter present rv another friend ,1,Just did,1,Woke me up,Just w as,Body buzzing after beeps,4,4,4,4,3,4,2,2,2,2,2,139662433656,2,4,91,22,0,0.24962931166941515,1,5,2026-06-30T02:20:40.221Z,0.2029076967508777
I heard radio chatter in my ears/head prior to recognizing I was lucid.,1,"When I heard the faint sound of voices, i bolted upright, or so I thought.  It was at that point i realized I was dreaming. ",1,I heard my own voice saying I was dreaming. ,"I believe it was a cue. I realized I was dreaming,  after I heard the chatter.","No,  but I feel like in my dream, I was excited to realize I was lucid. Even telling myself to remember what happened and how. ",4,4,4,4,3,4,2,3,2,2,2,999252563296,4,3,65,2,0.35,0.36754351568767973,1,5,2026-07-01T03:32:50.279Z,0.4191564586036945
Pizza oven hot cast iron revenge woods,1,Just knew,1,Buzzing,Spontaneous ,Annoyed buzzing woke me up,4,4,4,4,2,4,2,3,1,1,1,139662433656,7,5,14,4,0.35,0.6122144764227689,0,3,2026-07-01T02:29:08.424Z,0.2965009038322627
Nothing ,0,,0,,,No ,0,0,0,0,0,0,2,1,3,2,3,839812403536,1,4,112,18,0.75,1.2605065594560696,1,5,2026-07-01T02:52:54.737Z,1.221027814754652
"Being in car with wife, bunch of clothes and some other people ",1,Looking for specific shirt in back seat too absurd.,0,,Spontaneous ,No,5,5,5,5,2,5,0,3,0,0,0,379172703886,7,6,84,10,0,0.09148672112480787,1,5,2026-07-01T01:35:05.276Z,0.007449311531217783
i remember feeling that i wasn’t sleeping very deeply. i remember having more awareness of my thoughts and the sensations in the transition to sleeping like a visual or energetic circulation or stirring,0,,0,,,just that it felt lighter than normal because i had more awareness of my thoughts and thinking ,0,0,0,0,0,0,5,5,5,5,5,189762763386,0,1,59,9,,1.7627378397874618,0,0,2026-07-01T02:24:42.499Z,1.6857194984177728
Heavy  solid sleep,0,,0,,,Difficulty sleeping ,3,3,2,3,2,2,3,4,4,4,4,579562183996,3,9,1,1,,0.6586211938201656,0,0,2026-07-01T03:52:35.809Z,0.11053599681292295
No,0,,0,,,No,0,0,0,0,0,0,0,0,0,0,0,899352433976,7,3,6,1,0.09,0.9363148649340942,0,1,2026-07-01T02:39:57.781Z,1.576166973630035
I had multiple dreams again last night,0,,0,,,No,4,4,3,4,0,2,0,0,0,0,0,449582833316,5,6,33,84,1,2.82918324668029,1,5,2026-07-01T05:43:57.946Z,2.821948124533756
I’m starting to forget but sequence of events and feelings ,1,"All the time, for some reason I never thought it was real ",0,,It was spontaneous ,No,5,5,4,5,0,5,0,5,3,0,4,109422813536,1,2,47,114,1,1.4416189041126182,1,5,2026-07-02T02:35:28.077Z,1.4368892289382136
Daily activity ,1,When things felt out of sorts,1,Sounds abrupt ,Began spontaneous and then dogs barking,No,4,3,3,3,3,4,1,1,1,5,2,579562183996,6,10,35,14,1,0.1370630471486153,1,5,2026-07-02T01:00:01.586Z,0.12081788311113091
In mountains skiing ,0,,0,,,Skiing with just shoes.,5,5,5,5,3,3,0,0,0,0,0,379172703886,2,7,161,28,0.9,0.044956973650241025,1,5,2026-07-02T01:26:07.559Z,0.02839472931111056
Nothing,0,,0,,,No,0,0,0,0,0,0,3,1,4,4,4,839812403536,7,5,1,3,,2.9093306490709776,0,0,2026-07-02T03:22:02.790Z,1.768049981203807
Cats and former co workers ,0,,1,Beeping ,,No,1,1,1,1,1,1,2,3,3,1,1,989992943266,5,8,30,7,0.85,0.30018999676260544,1,5,2026-07-02T03:46:38.640Z,0.37806621342266267
nothing ,0,,0,,,no,1,1,1,1,0,1,2,1,1,1,1,389242743596,4,7,7,1,0.05,3.179258381676635,0,1,2026-07-03T02:26:41.045Z,3.3391664221209445
Long road never ending. Life.feeling weight,1,When the distance would become narrow and consistently out of reach,1,Lights along the stretch ,Sounds ,Darkness ,4,4,3,4,3,3,1,3,1,1,1,579562183996,1,11,75,8,1,0.10753010829294732,1,5,2026-07-02T23:57:27.270Z,0.10795155457036898
I think I did have a dream but dont remember it.,0,,1,I heard one beep.,,No,0,0,0,0,0,0,0,0,0,0,0,899352433976,3,5,57,8,1,0.9586829808233971,1,5,2026-07-03T02:38:45.170Z,1.050386889352438
The parts I remember were just me doing every day things.,0,,0,,,No,0,0,0,0,0,0,2,1,1,0,1,439442713976,3,4,72,18,0.05,1.3976938469572646,1,5,2026-07-03T03:38:17.815Z,1.4651344200454788
Car woofd ,1,Beep,1,Woke me wssnt dresming,No,,4,3,3,4,2,3,2,2,2,2,4,139662433656,5,7,33,3,1,0.15960272660601282,1,5,2026-07-03T02:33:27.683Z,0.16775720811467337
No,0,,0,,,,1,2,2,1,2,2,3,2,4,4,4,849692143376,0,1,21,7,,0.4410187889061236,0,0,2026-07-03T05:06:35.025Z,0.5716161167359403
Don't remember ,0,,1,Beeping ,,Annoyed by beeps ,1,1,1,1,1,1,4,4,4,1,4,989992943266,2,9,82,7,1,0.5103410333359014,1,5,2026-07-03T03:45:42.444Z,0.4644519460232209
Whole last part of the dream at chipotle getting bowls and sharing wine and water. Extremely thirsty during the dream. The dreams before that were also very intense but I don't remember them.,0,,0,,,"I woke up first qt 6am, I don't usually wake up in the middle of the night so it could be due to this.",0,0,0,0,4,0,4,4,3,4,4,989232823696,0,1,2,1,,0.031125192736692994,0,0,2026-07-03T06:50:14.821Z,0.017634859999472594
Nothing ,0,,0,,,No,0,0,0,0,0,0,1,1,2,2,2,299542783686,4,6,43,8,0.55,0.44632940754788863,1,5,2026-07-03T06:49:14.324Z,0.7708607643334436
"I did dream and they seemed vivid, I do not remember any of them.",0,,0,,,no,1,1,1,1,1,1,2,5,1,1,1,389242743596,3,8,2,4,,3.3661007339955487,0,0,2026-07-04T02:33:29.956Z,3.2254749639617146
I dreamed about looking for a bank card because of finding some unexpected money. The card was associated with this money. Much of the dream was searching for this card. I found it in a drawer when I dumped the drawer. First time I ever found anything in a dream.,1,I realized I was dreaming when I kept hearing beeps.,1,Constant beepung that kept on even when I thought I was awake ,The beeping cue,No,0,0,0,5,0,0,0,0,0,0,0,899352433976,5,6,95,8,1,0.13516867784746492,1,5,2026-07-04T02:50:17.365Z,0.12876029314980267
Nothing particular ,0,,0,,,No,1,2,2,2,1,2,0,0,0,0,0,379172703886,2,9,46,30,1,2.1829271011086253,1,5,2026-07-04T02:20:00.927Z,2.199514526483956
Darkness.  Stillness quiet ,1,"Part way through the night it felt odd. The sequence of events 
",1,Distant ,A cue ,A vibration sound,3,3,3,4,2,3,1,1,0,0,0,579562183996,2,12,14,7,0,0.2518904770469724,0,3,2026-07-04T01:48:01.907Z,0.18643540660467744
Match France v Paraguay,0,,0,,,,0,0,0,0,0,0,3,3,2,1,2,989232823696,2,2,27,3,1,0.4387129833782099,0,4,2026-07-04T06:30:37.185Z,0.9333149910939937
Anxiety my cat was missing and my truck was stolen ,0,,0,,,No,1,1,1,1,1,1,4,4,3,3,4,989992943266,3,10,170,21,0.05,0.8877992173615536,1,5,2026-07-04T03:09:23.218Z,0.959249466879478
Nothing ,0,,1,Don't remember dream,,The cues actually woke me up,0,0,0,0,0,0,1,2,1,2,2,299542783686,6,7,12,8,1,0.481116525020705,0,3,2026-07-04T07:18:59.461Z,0.2170157701496492
I was playing some king of lawn or board game.,1,"I heard many soft neeps , they stopped and then they started again.",1,Soft co tinuous beeps,The beeps,"I was able to run through the thoughts, body, feelings, breathing. I wanted to I be able to co rinse dreaming or go to a deeper sleep. I was i. Too much pain and had to go to the bathroom, so I ended up having g to get up briefly to the bathroom.",4,5,3,5,0,5,0,0,0,0,0,899352433976,1,7,61,5,1,0.31669038164991276,1,5,2026-07-05T02:24:27.043Z,0.5952692635053689
Working on kitchen counters,1,Seemed odd I'd be doing the work ,0,,Spontaneous ,Kept repeating activity ,3,3,3,3,1,3,0,0,0,0,0,379172703886,4,10,142,35,0.06,2.2527760226952966,1,5,2026-07-05T02:26:00.266Z,2.3146570718855544
"A tornado hit and my daughter and I were outside. We got under a blanket and I was holding her hand. When I woke up I was alone and everything was gone including my daughter. A lady found me, she knew me, and had me fill out paperwork for a new place.",0,,0,,,Sadness,0,0,0,0,0,0,2,1,1,1,3,299542783686,2,8,14,3,0.9,0.7060969253025342,0,2,2026-07-05T06:42:26.356Z,0.8381192911506072
No,0,,1,Annoying beeping woke me up ,,"N0
",1,1,1,1,1,1,5,4,3,2,2,989992943266,1,11,72,23,1,0.1313166692201988,1,5,2026-07-05T03:34:35.777Z,0.12804868389084695
Walking through a train station.,1,Too unrealistic.,0,,Spontaneous ,Had to get somewhere. ,4,4,4,4,3,4,0,0,0,0,0,379172703886,6,11,32,5,1,2.6797506296891784,1,5,2026-07-06T01:23:26.482Z,2.8516891451727293
N0,0,,1,Static noise,,No,1,1,1,1,1,1,3,4,2,1,4,989992943266,7,12,95,2,1,0.32631767076138474,0,4,2026-07-06T04:19:50.144Z,0.2435925285708215
Nothing,0,,0,,,No,0,0,0,0,0,0,4,4,0,0,2,899352433976,4,8,119,6,1,0.1957213774344559,1,5,2026-07-06T02:41:06.910Z,0.1643768772845884
Lightness ,1,Unreal very short times,0,,Spontaneous ,No,3,3,3,4,0,2,0,0,1,1,0,579562183996,5,14,145,42,1,0.6638568643399,1,5,2026-07-06T00:23:14.106Z,0.6166936572660575
Nothing today. ,0,,0,,,No.,0,0,0,0,0,0,0,0,0,0,0,739962763826,0,1,5,2,,0.473250829392784,0,0,2026-07-06T07:12:34.419Z,0.4014857634915863
Yes,0,,0,,,A never ending road/trail,3,3,2,3,1,3,3,3,3,3,3,579562183996,7,15,67,33,1,0.42178681835091864,1,5,2026-07-07T00:21:07.766Z,0.39151196567543745
Being in large hotel. ,0,,0,,,No,3,3,3,3,3,3,1,2,0,0,0,379172703886,3,12,196,26,1,0.22264421857991729,1,5,2026-07-07T01:21:25.990Z,0.174660722188474
Nothing,0,,0,,,No p,0,0,0,0,0,0,0,0,0,0,0,899352433976,3,9,29,21,1,0.41983555261382,1,5,2026-07-07T02:23:10.307Z,0.3593245606039971
Football team trying to get a haircut as was believe the haircut gave spiderman powers. Flying in monospace helicopter to go see a poor family iving on a roof of a house and getting roasted by the whole family.,0,,0,,,"No.
",1,1,0,1,0,1,4,2,0,3,3,989232823696,5,4,137,15,1,0.07419486786920644,1,5,2026-07-07T04:48:20.047Z,0.02589911140607452
Traveling and getting plants with my late husband ,0,,0,,,Driving in the rain,1,1,1,1,1,1,2,5,2,1,5,989992943266,0,1,71,10,,0.10770712690872501,0,0,2026-07-08T02:40:45.052Z,0.10772575676669215
I heard a repeated sound. My volume was to loud. I was startled. ,1,I was in a lightened state ,1,It was a steady beep,A result of the sound. I did wake.  I didn't follow the procedure properly. Which  waa disruptive ,Stress,3,4,3,4,2,3,4,4,4,3,3,579562183996,2,16,351,17,1,1.2945551655933487,1,5,2026-07-08T00:31:18.358Z,0.8532961686146774
Nothing ,0,,0,,,No,0,0,0,0,0,0,1,0,1,1,1,299542783686,3,10,7,1,1,0.06296649185723259,0,2,2026-07-08T06:13:30.694Z,0.037430080173014926
"I know I dreamed, but don't remember it even though I tried. There was sunshine and something about making a choice.",1,I started to hear the cue.,1,First there was a ling series of chchchchch sounds then a beep. This happened a couple of separate times.,The cue as answered previously. , I was hot. Our air conditioner is out and there is a heat wave.,3,0,2,5,0,5,0,1,1,1,0,899352433976,6,10,217,4,1,0.4984252404309596,1,5,2026-07-08T03:07:32.919Z,0.21368507641827417
"Supposed to study with a guy for a mathematics course but I end up biking to India where they have amazing caves and huge waterfall, I have to leave because I get attacked by wolves in the waterfall and then hit by spears from crazy lady. After that I decide to go to the original study place but it's the 6th floor and there are wholes everywhere so small mistake and you fall. Unrelated but horses riding across desert trying to reach Russia.",0,,1,"It was just an urgency to wake up, so I just woke up.",,,0,1,0,1,1,0,2,3,3,3,1,989232823696,4,5,90,8,0.45,0.8332556262430538,1,5,2026-07-08T05:48:38.338Z,1.211835431558434
Yes. Sequence if events . Feels,1,Assisting. Deep snow. A place I know. Does not have the consistency ,1,Intermittent.  Then steady.,Yes,It wasn't real. It was a combination of things in my life ,5,3,4,5,1,5,0,0,1,1,1,579562183996,7,17,58,3,1,2.0351394812065857,0,3,2026-07-09T00:19:01.964Z,3.068398571915779
Nothing,0,,1,Woke me up,,,1,1,1,1,1,0,3,5,4,4,4,989232823696,6,6,18,3,0.05,1.2057363236644465,0,4,2026-07-09T03:19:37.524Z,0.11061039046397113
Looking for and finding si k dog.,0,,0,,,Dog was one that use to have but wasn't. ,3,3,3,3,3,3,0,0,0,0,0,379172703886,5,14,199,38,1,0.522247781289381,1,5,2026-07-09T01:26:30.269Z,0.45632391454432325
I only remember waking up to pee a few times,0,,0,,,No,0,0,0,0,0,0,3,2,1,1,4,909232733626,1,3,7,2,0.05,1.0882822052131875,0,2,2026-07-09T03:58:19.611Z,0.26237958252674776
Nothing,0,,0,,,I was hot. ,0,0,0,0,0,0,1,1,0,0,0,899352433976,1,11,114,4,0.55,0.1450536594715129,1,5,2026-07-09T02:33:28.785Z,0.14866926558198487
Church picnic ,0,,0,,,The vast variety of food and everyone was friendly ,1,1,1,1,1,1,2,4,3,2,5,989992943266,2,2,64,8,1,0.6269862350233412,1,5,2026-07-09T03:20:27.632Z,0.7754209490573912
Feeling ,0,,0,,,Anxious ,1,1,1,0,0,1,4,4,3,2,3,579562183996,5,18,166,12,1,0.21587061249964457,1,5,2026-07-09T23:44:26.166Z,0.1745947246407919
Riding a child''s bike on city street in traffic. ,0,,0,,,What was I doing on a child's bike.,4,4,4,3,2,0,0,0,0,0,0,379172703886,7,15,95,27,0,0.20411076246991366,1,5,2026-07-10T01:30:53.979Z,0.06153965201586877
"I don't remember any of my dreams, but I know that I did dream ",0,,0,,,No,0,0,0,0,0,0,3,2,1,0,2,149342883826,0,1,41,6,,0.12402477870755994,0,0,2026-07-10T03:58:25.195Z,0.12375608052623967
Don't remember dream ,0,,0,,,Beeping woke me up ,1,1,1,1,1,1,4,5,4,3,5,989992943266,3,3,35,4,1,0.1816733956061684,1,5,2026-07-10T04:26:00.900Z,0.11552963671466586
I have no memories of dreams last night,0,,0,,,No,0,0,0,0,0,0,0,1,3,3,4,149342883826,2,2,4,1,0,0.6456967824444081,0,1,2026-07-11T03:34:52.717Z,0.10536193359074743
Thoughts ,1,Late hours. Stillnesd,0,,Spontaneous ,Winding tunnel ,3,3,2,4,2,4,2,4,1,1,2,579562183996,1,19,155,15,0.3,0.4179398080972714,1,5,2026-07-11T00:19:28.781Z,0.47808915266348473
"Driving to an office party,  arriving a d not seeing anyone familiar. ",0,,0,,,Why was I  there. ,3,2,2,2,1,2,0,0,0,3,0,379172703886,4,16,186,29,0.03,1.3581063223848022,1,5,2026-07-11T02:12:16.527Z,1.364673936491049
Nothing,0,,0,,,No,0,0,0,0,0,0,1,0,2,2,2,299542783686,1,12,33,6,1,0.1493484111258223,1,5,2026-07-11T04:39:24.633Z,0.1749860585435579
"Needing to hide things 
",0,,0,,,Secretive ,1,1,1,1,1,1,4,4,3,2,5,989992943266,7,4,103,9,0.5,0.38883895315554307,1,5,2026-07-11T03:14:08.471Z,0.7886514785241044
I remember being at a baseball game with my girlfriend. The scoreboard kept going out and it was night time. I remember trying to find her in the dark we were sitting in the grass. I felt panicked slightly ,0,,0,,,"I remember waking up feeling hot, but I have a ceiling fan going. My extremities were cold from the fan but my body was hot. ",0,0,0,0,0,0,0,0,0,0,0,149342883826,6,3,8,2,0,0.28347391755221557,0,2,2026-07-12T03:03:40.747Z,0.09793037609609956
Nothing,0,,0,,,Nothing,0,0,0,0,0,0,0,0,0,0,0,969522133156,7,2,24,3,0.45,1.7075013292904193,0,4,2026-07-12T03:57:56.404Z,0.7689060677826882
Driving to Boston via backroads with son.,0,,0,,,Peaceful ,3,3,3,3,3,1,0,0,0,0,0,379172703886,6,17,3,5,,0.4944454436670376,0,1,2026-07-12T02:36:52.764Z,0.41639922841871785
I dreamed but do not remember any of them.,0,,0,,,nothing really ,1,1,1,1,1,1,1,1,1,1,1,389242743596,7,11,5,3,0,2.25677692158219,0,1,2026-07-12T02:55:56.634Z,0.2789705965887253
Textures in the dream seemed more vivid.  I normally do not notice color but I noticed more color in my dream.,0,,0,,,No,0,0,0,0,0,0,3,1,1,0,0,429952943496,0,1,129,25,,5.9710189192464815,0,0,2026-07-12T04:16:17.439Z,6.740543500142516
Being in a yoga class ,0,,0,,,Breezes being outside,1,1,1,1,1,1,1,3,1,1,1,989992943266,5,5,14,5,0,0.20005719897903998,0,3,2026-07-12T03:07:33.928Z,0.08485851442298227
Nothing,0,,0,,,No,0,0,0,0,0,0,0,1,1,2,1,299542783686,5,13,32,7,1,2.9056474428332026,1,5,2026-07-12T05:59:42.184Z,0.6089257715699841
Just a dream before I woke up that I was back at my old retail job. ,0,,0,,,Nothing,1,1,1,1,0,0,3,2,0,0,1,539822283526,0,1,67,21,,1.1025849575817803,0,0,2026-07-12T16:42:34.480Z,1.0582685116884885
Observe two theives enter evacuated to steal sculptures.,1,Was floating above theives in their car.,0,,Floating above thieves too far fetched. ,Wondering how often theives do this.,4,3,3,5,4,3,0,0,0,0,0,379172703886,7,18,128,11,0,0.1837919312890857,1,5,2026-07-13T01:28:34.504Z,0.07402082491128571
Irritated  hearing my recording waking me ,0,,1,My recording repeated ,,Trouble going back to sleep ,1,1,1,1,1,1,4,4,4,3,5,989992943266,4,6,27,6,1,0.10828001129226537,0,4,2026-07-13T03:15:37.930Z,0.10648307062855715
I didn't dream much that I remember.  When the signal went off it woke me and my sleep was not as good after.,0,,0,,,My sleep felt very light after the signal ,0,0,0,0,0,0,1,3,1,1,3,429952943496,3,2,110,19,0.85,0.779381738142181,1,5,2026-07-13T04:01:44.985Z,0.8631319993584915
Conflict within a fraternity ,0,,0,,,"Wandering 
",1,1,1,1,1,1,1,1,1,1,1,519312273626,4,3,126,25,1,1.6461603369085593,1,5,2026-07-13T03:46:16.697Z,1.548746852929255
Fragmented dreams with many parts. Comparing dream circumstances to things in reality. ,0,,1,They woke me up a buzzing sound like moth wings and series of beeps ,,N/a,0,0,1,0,0,0,2,4,0,1,2,539822283526,0,1,67,21,,1.1025849575817803,0,0,2026-07-12T16:42:34.480Z,1.0582685116884885
Nothing,0,,0,,,Nothing,0,0,0,0,0,0,0,0,0,0,1,579402583286,0,1,162,71,,1.3684496347228035,0,0,2026-07-14T01:30:32.797Z,1.3661106520475286
Yes ,0,,0,,,Stop and go,2,2,3,2,2,3,5,4,2,2,5,579562183996,6,22,136,15,1,0.40646849782084915,1,5,2026-07-14T00:50:39.137Z,0.3907609730109136
Enjoying a gathering with fa.ily members.,0,,0,,,No,3,3,3,3,4,3,0,0,0,0,0,379172703886,3,19,51,22,1,0.16409443944132981,1,5,2026-07-14T01:24:09.125Z,0.19189841064753282
Driving through scenic areas ,0,,0,,,Anxious in traffic ,1,1,1,1,1,1,4,4,3,2,5,989992943266,1,7,79,9,0.35,0.16320222292709805,1,5,2026-07-14T03:26:12.394Z,0.18794141504663403
"I think I had something, but it already faded.",0,,0,,,No,0,0,0,0,0,0,0,0,0,0,0,969522133156,1,3,32,1,1,0.14633418441807589,0,3,2026-07-14T05:20:20.319Z,0.2556055035267188
No,0,,1,No in my dreams it woke me up,,,0,0,0,0,0,0,1,4,4,3,4,849692143376,2,2,3,1,,2.6136410426514227,0,1,2026-07-14T04:40:32.121Z,1.4216179800032924
I had to let the dog out and then forgot my dream,0,,0,,,"There was a thunderstorm last night, so my dog was anxious and it affected my sleep",1,1,1,1,1,1,3,2,1,1,1,869212593686,0,1,20,34,,1.3496428477905895,0,0,2026-07-14T03:15:07.263Z,1.3464180342477206
Nothing,0,,0,,,No,0,0,0,0,0,0,0,0,0,0,0,899352433976,5,12,5,19,,4.344842010157205,0,0,2026-07-14T02:53:42.652Z,4.1817942029117665
Nothing,0,,0,,,No,0,0,0,0,0,0,4,4,0,0,4,559472613156,0,1,39,130,,1.3666524108273026,0,0,2026-07-15T00:26:04.536Z,1.3595921821717698
In a hospital serrtting discussing some kind of water pressure device.,0,,0,,,There were a lot of people around but discussing with just two others.,2,2,2,1,1,1,0,0,0,0,0,379172703886,5,20,45,12,1,0.00524908822355765,1,5,2026-07-15T01:16:16.871Z,0.001330365436896675
"Sequence of events, thoughts ",0,,1,Beeping,,No,2,2,3,2,1,1,2,4,1,1,2,839602763696,5,2,102,8,0.65,1.3101921510777421,1,5,2026-07-15T02:51:57.460Z,1.271891710362562
Calmness ,1,The dream was as if I was coaster rode. Stages. Stop and go.,1,Outside of my dream,It was a session of cues my voice the a session of beeping ,It was dark and then at the stops I felt swirls,4,4,5,5,3,4,1,1,1,0,0,579562183996,4,23,61,9,0.3,0.15591314194921654,1,5,2026-07-15T00:59:07.018Z,0.15753917386866007
Nothing,0,,0,,,No,0,0,0,0,0,0,0,0,0,0,0,969522133156,6,4,5,1,0.15,0.028956516135488684,0,1,2026-07-15T05:21:15.264Z,0.02859608427611538
I was going somewhere yet the neighbohood seemed unfamiliar. It was a very nice place and I was confused that I couldn’t remember where I was going.,0,,0,,,"No, just the feeling on confusion, which often can be a signal to me that “something isn’t normal. I must be dreaming” but I never realized that in this dream ",1,1,1,1,1,1,1,2,1,1,1,869212593686,5,2,45,55,0.15,1.3380988025955174,1,5,2026-07-15T03:40:35.280Z,1.3362136271511964
"Many different dreams, some dreams continued on with aspects from the previous. I felt a bit anxious seeing my cats outside in the dream but they were on a beautiful huge lawn all running around me with was beautiful ",0,,1,I was woken up again by beeping ,,"That my cats should not be outside because where we live is not safe for them. Then I was so happy to see my cats that are no longer with me.  I experienced a beautiful house on a rugged coast with a natural sea bath, it was so peaceful there",0,1,0,1,0,0,2,2,4,4,3,539822283526,1,3,72,18,0.35,1.1354687671869654,1,5,2026-07-14T16:49:19.352Z,1.0957881404423229
I don't remember dreaming ,0,,0,,,No,0,0,0,0,0,0,0,1,1,2,0,429952943496,5,4,17,2,0.4,0.16919800133052854,0,3,2026-07-15T04:25:23.356Z,0.33404521653410507
"Laser beams/radiation, outer space",0,,0,,,Nope,0,0,0,0,0,0,0,2,0,0,0,789652803586,0,1,39,4,,0.060248597753373025,0,0,2026-07-15T21:25:19.634Z,0.08028062335556842
I did dream but do not remember them.,0,,0,,,"nothing
",1,1,1,1,1,1,1,1,1,1,1,389242743596,4,13,98,7,1,0.7285658246951292,1,5,2026-07-15T23:48:11.547Z,0.7984381324593723
Thoughts.  A garden,1,"Early  morning.  There's not a garden of flowers 
 I was in England ",0,,Spontaneous ,Sunset. Smells,4,3,2,4,2,4,0,1,0,0,1,579562183996,5,24,1,2,,2.198421425004645,0,0,2026-07-16T00:10:15.398Z,2.0915008693968513
Don't remember anything. ,0,,0,,,No,1,1,1,0,0,1,0,1,0,0,1,379172703886,1,21,43,32,1,4.042198646798729,1,5,2026-07-16T01:22:34.167Z,4.06434637039585
I normally dream in gray scale but I am seeing red in my dreams. ,1,During the dream I was about to perform on stage but didn't remember my lines. I told myself in my dream that I was dreaming. This is occurring dream.,0,,The stress of the dream.i now see the color red in my dreams,No,3,0,4,3,1,0,0,2,1,1,0,429952943496,4,5,91,22,0.05,1.4404842808297287,1,5,2026-07-16T02:45:37.447Z,1.8171526912235159
Don't remember ,0,,1,Beeping woke me up ,,Mad I was woke up ,1,1,1,1,1,1,4,4,3,2,3,989992943266,7,9,95,22,1,0.10178436844347558,1,5,2026-07-16T03:30:22.024Z,0.08194023603489943
