pid,night_number,condition,episode_index,train_index,disruptive_took_place,disruptive_start_epoch_sec,first_induction_epoch_sec,train_end_epoch_sec,train_duration_sec,induction_cues_count
09020306,2,4,7,0,False,18899,19018,19029,130,3
09020306,2,4,7,1,False,19328,19448,19458,130,2
09020306,2,4,7,2,False,19458,19577,19596,138,4
09020306,2,4,8,0,False,20247,20366,20417,170,11
09020306,1,5,0,0,False,14521,14640,14641,120,1
09020306,1,5,1,0,False,17125,17244,17245,120,1
09020306,1,5,3,0,False,18418,18537,18623,205,18
09020306,4,6,0,0,True,14521,14641,14642,121,1
09020306,3,4,1,0,False,15021,15140,15156,135,4
109422813536,1,1,2,0,True,14543,14660,14746,203,29
109422813536,1,1,15,0,True,15854,15971,15972,118,1
109422813536,1,1,30,0,True,16997,17114,17188,191,25
109422813536,1,1,43,0,True,19430,19547,19570,140,8
109422813536,1,1,55,0,True,20191,20308,20309,118,1
109742463786,2,2,0,0,True,23450,23570,23571,121,1
109742463786,2,2,1,0,True,23934,24054,24055,121,1
109742463786,2,2,2,0,True,24548,24668,24669,121,1
119252313396,1,5,0,0,False,14781,14901,14918,137,6
119252313396,1,5,1,0,False,16711,16831,16833,122,1
119252313396,1,5,2,0,False,17700,17820,17821,121,1
119252313396,1,5,3,0,False,20543,20663,20750,207,29
119252313396,1,5,3,1,False,20750,20870,20917,167,16
139662433656,7,6,0,0,True,14521,,14575,54,0
139662433656,15,5,1,0,False,20827,20947,21034,207,29
139662433656,15,5,1,1,False,21034,21154,21241,207,29
139662433656,15,5,1,2,False,21241,21361,21448,207,29
139662433656,15,5,2,0,False,22256,22376,22463,207,29
139662433656,15,5,2,1,False,22463,22583,22670,207,29
139662433656,18,3,1,0,True,23763,23883,23884,,1
139662433656,9,2,4,0,True,20234,20354,20355,121,1
139662433656,9,2,9,0,True,23392,23512,23513,121,1
139662433656,9,2,10,0,True,23874,23994,23995,121,1
139662433656,9,2,11,0,True,24356,24476,24477,121,1
139662433656,9,2,12,0,True,24839,24959,24960,121,1
139662433656,3,1,0,0,True,14759,14879,14966,207,29
139662433656,3,1,0,1,True,14966,15086,15173,207,29
139662433656,3,1,0,2,True,15173,15293,15380,207,29
139662433656,8,1,0,0,True,14521,14641,14728,207,29
139662433656,8,1,0,1,True,14728,14848,14935,207,29
139662433656,8,1,0,2,True,14935,15055,15142,207,29
139662433656,8,1,3,0,True,16594,16714,16752,158,13
139662433656,8,1,4,0,True,17617,17737,17787,170,17
139662433656,2,2,0,0,True,17250,17370,17457,207,29
139662433656,2,2,0,1,True,17457,17577,17578,121,1
139662433656,2,2,1,0,True,17877,17997,17998,121,1
139662433656,2,2,2,0,True,20328,20448,20535,207,29
139662433656,2,2,2,1,True,20535,20655,20705,170,17
139662433656,4,6,0,0,True,14869,14989,14990,121,1
139662433656,4,6,1,0,True,15164,15284,15371,207,29
139662433656,4,6,1,1,True,15371,15491,15578,207,29
139662433656,4,6,1,2,True,15578,15698,15699,121,1
139662433656,4,6,2,0,True,16094,16214,16215,121,1
139662433656,12,7,0,0,True,21195,21315,21362,167,16
139662433656,12,7,2,0,True,26244,26364,26365,121,1
139662433656,12,7,3,0,True,26677,26797,26798,121,1
139662433656,16,5,1,0,False,20827,20947,21034,207,29
139662433656,16,5,1,1,False,21034,21154,21241,207,29
139662433656,16,5,1,2,False,21241,21361,21448,207,29
139662433656,16,5,2,0,False,22256,22376,22463,207,29
139662433656,16,5,2,1,False,22463,22583,22670,207,29
139662433656,10,2,4,0,True,20234,20354,20355,121,1
139662433656,10,2,9,0,True,23392,23512,23513,121,1
139662433656,10,2,10,0,True,23874,23994,23995,121,1
139662433656,10,2,11,0,True,24356,24476,24477,121,1
139662433656,10,2,12,0,True,24839,24959,24960,121,1
139662433656,17,5,1,0,False,20827,20947,21034,207,29
139662433656,17,5,1,1,False,21034,21154,21241,207,29
139662433656,17,5,1,2,False,21241,21361,21448,207,29
139662433656,17,5,2,0,False,22256,22376,22463,207,29
139662433656,17,5,2,1,False,22463,22583,22670,207,29
139662433656,11,2,4,0,True,20234,20354,20355,121,1
139662433656,11,2,9,0,True,23392,23512,23513,121,1
139662433656,11,2,10,0,True,23874,23994,23995,121,1
139662433656,11,2,11,0,True,24356,24476,24477,121,1
139662433656,11,2,12,0,True,24839,24959,24960,121,1
139662433656,5,3,0,0,True,14521,14641,14728,,29
139662433656,5,3,0,1,True,14728,14848,14849,,1
139662433656,5,3,1,0,True,15210,15330,15331,,1
139662433656,5,3,2,0,True,16316,16436,16523,,29
139662433656,5,3,2,1,True,16523,16643,16730,,29
149342883826,2,2,0,0,True,15999,16119,16120,121,1
149342883826,3,6,0,0,True,15585,15705,15706,121,1
149342883826,3,6,1,0,True,16112,16232,16233,121,1
159532853506,1,4,3,0,False,15932,16051,16057,125,2
159532853506,1,4,3,1,False,16355,16475,16491,136,4
159532853506,1,4,6,0,False,17210,17329,17334,124,1
159532853506,1,4,17,0,False,21884,22003,22024,140,5
159532853506,1,4,17,1,False,22322,22442,22453,131,3
159532853506,3,7,0,0,True,14521,14640,14654,133,5
159532853506,3,7,0,1,True,14952,15072,15090,138,6
159532853506,3,7,0,2,True,15090,15209,15210,120,1
159532853506,3,7,8,0,True,16185,16304,16315,130,4
159532853506,3,7,12,0,True,17562,17681,17682,120,1
159532853566,7,4,0,0,False,15926,16045,16046,120,1
159532853566,7,4,2,0,False,20678,20797,20798,120,1
159532853566,7,4,3,0,False,23394,23513,23514,120,1
159532853566,7,4,4,0,False,24120,24239,24278,158,13
159532853566,4,1,0,0,True,14521,14640,14727,206,29
159532853566,4,1,0,1,True,14727,14846,14933,206,29
159532853566,4,1,0,2,True,14933,15052,15114,181,21
159532853566,4,1,4,0,True,16277,16396,16397,120,1
159532853566,4,1,6,0,True,23280,23399,23446,166,16
199302983846,1,2,0,0,True,14521,14641,14642,121,1
199302983846,1,2,1,0,True,15655,15775,15813,158,13
199302983846,1,2,4,0,True,20243,20363,20364,121,1
199302983846,1,2,5,0,True,21375,21495,21503,128,3
199302983846,1,2,7,0,True,24647,24767,24768,121,1
209652743806,1,3,0,0,True,14521,14641,14728,,29
209652743806,1,3,0,1,True,14728,14848,14935,,29
209652743806,1,3,0,2,True,14935,15055,15142,,29
209652743806,1,3,1,0,True,15578,15698,15785,,29
209652743806,1,3,1,1,True,15785,15905,15916,,4
229582903536,10,1,0,0,True,14521,,14538,17,0
239922773336,1,6,0,0,True,14526,,14560,34,0
269592263106,2,5,0,0,False,16761,16881,16895,134,5
269592263106,2,5,1,0,False,18253,18373,18450,197,26
269592263106,2,5,2,0,False,20351,20471,20472,121,1
269592263106,2,5,4,0,False,23792,23912,23935,143,8
269592263106,2,5,4,1,False,24235,24355,24363,128,3
269962413216,3,5,7,0,False,17561,17680,17706,145,6
269962413216,3,5,7,1,False,18004,18124,18145,141,5
269962413216,3,5,11,0,False,18646,18765,18960,314,39
269962413216,3,5,11,1,False,18960,19079,19091,131,3
269962413216,3,5,31,0,False,20481,20600,20651,170,11
269962413216,4,5,7,0,False,17561,17680,17706,145,6
269962413216,4,5,7,1,False,18004,18124,18145,141,5
269962413216,4,5,11,0,False,18646,18765,18960,314,39
269962413216,4,5,11,1,False,18960,19079,19091,131,3
269962413216,4,5,31,0,False,20481,20600,20651,170,11
269962413216,2,3,5,0,True,15036,15153,15229,,16
269962413216,2,3,6,0,True,17172,17289,17290,,1
269962413216,2,3,7,0,True,17773,17890,17901,,3
269962413216,2,3,8,0,True,21771,21888,21934,,10
269962413216,2,3,8,1,True,22228,22345,22346,,1
269962413216,8,4,3,0,False,15350,15469,15470,120,1
269962413216,8,4,6,0,False,16616,16735,16736,120,1
269962413216,8,4,13,0,False,17561,17680,17716,155,8
269962413216,8,4,13,1,False,18014,18134,18155,141,5
269962413216,8,4,13,2,False,18453,18573,18593,140,4
269962413216,5,5,7,0,False,17561,17680,17706,145,6
269962413216,5,5,7,1,False,18004,18124,18145,141,5
269962413216,5,5,11,0,False,18646,18765,18960,314,39
269962413216,5,5,11,1,False,18960,19079,19091,131,3
269962413216,5,5,31,0,False,20481,20600,20651,170,11
269962413216,6,6,0,0,True,14521,14640,14641,120,1
269962413216,6,6,9,0,True,24818,24937,24948,130,3
269962413216,6,6,9,1,True,25246,25366,25367,121,1
269962413216,6,6,10,0,True,25725,25844,25855,130,3
269962413216,6,6,10,1,True,26153,26273,26279,126,2
289492683306,2,1,0,0,True,14521,14640,14646,125,2
289492683306,2,1,3,0,True,16529,16648,16649,120,1
289492683306,2,1,5,0,True,16995,17114,17220,225,22
289492683306,2,1,5,1,True,17518,17638,17639,121,1
289492683306,2,1,6,0,True,17957,18076,18106,149,6
299342693996,2,6,0,0,True,18120,18240,18241,121,1
299342693996,2,6,2,0,True,22043,22163,22250,207,29
299342693996,2,6,2,1,True,22250,22370,22420,170,17
299342693996,2,6,3,0,True,23669,23789,23876,207,29
299342693996,2,6,3,1,True,23876,23996,24083,207,29
299342693996,3,4,0,0,False,14521,14641,14700,179,20
299342693996,3,4,1,0,False,15121,15241,15300,179,20
299342693996,3,4,2,0,False,18090,18210,18233,143,8
299342693996,3,4,2,1,False,18533,18653,18674,141,7
299342693996,3,4,2,2,False,18674,18794,18799,125,2
299542783686,5,1,0,0,True,16964,17084,17086,122,1
299542783686,11,6,2,0,True,22808,22928,22929,121,1
299542783686,11,6,7,0,True,24876,24996,25083,207,29
299542783686,11,6,7,1,True,25083,25203,25260,177,19
299542783686,18,3,0,0,True,16267,16387,16474,,29
299542783686,18,3,0,1,True,16474,16594,16595,,1
299542783686,21,5,3,0,False,24868,24988,24989,121,1
299542783686,21,5,4,0,False,27169,27289,27376,207,29
299542783686,21,5,4,1,False,27376,27496,27583,207,29
299542783686,21,5,4,2,False,27583,27703,27704,121,1
299542783686,21,5,5,0,False,30217,30337,30387,170,17
299542783686,1,1,0,0,True,15577,15697,15765,188,23
299542783686,1,1,1,0,True,16308,16428,16487,179,20
299542783686,1,1,2,0,True,18568,18688,18775,207,29
299542783686,1,1,2,1,True,18775,18895,18981,206,29
299542783686,1,1,2,2,True,19281,19401,19402,121,1
299542783686,20,1,0,0,True,17427,17547,17558,131,4
299542783686,20,1,2,0,True,19252,19372,19459,207,29
299542783686,20,1,2,1,True,19459,19579,19666,207,29
299542783686,20,1,2,2,True,19666,19786,19812,146,9
299542783686,20,1,3,0,True,22381,22501,22503,122,1
299542783686,12,2,0,0,True,15751,15871,15951,200,27
299542783686,12,2,2,0,True,17455,17575,17599,144,8
299542783686,10,4,0,0,False,16980,17100,17150,170,17
299542783686,10,4,0,1,False,17450,17570,17602,152,11
299542783686,10,4,1,0,False,19053,19173,19202,149,10
299542783686,10,4,2,0,False,19691,19811,19869,178,20
299542783686,10,4,6,0,False,28046,28166,28195,149,10
299542783686,3,2,0,0,True,15764,15884,15971,207,29
299542783686,3,2,0,1,True,15971,16091,16117,146,9
299542783686,3,2,0,2,True,16417,16537,16538,121,1
299542783686,6,5,1,0,False,19649,19769,19774,125,2
299542783686,6,5,2,0,False,20478,20598,20599,121,1
309772723476,8,1,0,0,True,14772,14891,14978,206,29
309772723476,8,1,0,1,True,14978,15097,15098,120,1
309772723476,8,1,13,0,True,22041,22160,22247,206,29
309772723476,8,1,13,1,True,22247,22366,22368,121,1
309772723476,8,1,15,0,True,23779,23898,23981,202,28
309772723476,9,1,0,0,True,14772,14891,14978,206,29
309772723476,9,1,0,1,True,14978,15097,15098,120,1
309772723476,9,1,13,0,True,22041,22160,22247,206,29
309772723476,9,1,13,1,True,22247,22366,22368,121,1
309772723476,9,1,15,0,True,23779,23898,23981,202,28
309772723476,10,1,0,0,True,14772,14891,14978,206,29
309772723476,10,1,0,1,True,14978,15097,15098,120,1
309772723476,10,1,13,0,True,22041,22160,22247,206,29
309772723476,10,1,13,1,True,22247,22366,22368,121,1
309772723476,10,1,15,0,True,23779,23898,23981,202,28
309772723476,1,2,20,0,True,16266,16385,16386,120,1
309772723476,1,2,55,0,True,20572,20691,20692,120,1
309772723476,1,2,56,0,True,21085,21204,21244,159,13
329182283526,1,3,0,0,True,14521,14641,14649,,3
329182283526,1,3,0,1,True,14949,15069,15070,,1
329182283526,1,3,1,0,True,15421,15541,15542,,1
329182283526,1,3,4,0,True,16846,16966,16967,,1
329182283526,1,3,8,0,True,19053,19173,19232,,20
349462673936,3,3,0,0,True,14521,14641,14679,,13
349462673936,3,3,1,0,True,15109,15229,15316,,29
349462673936,3,3,1,1,True,15316,15436,15523,,29
349462673936,3,3,1,2,True,15523,15643,15730,,29
349462673936,3,3,2,0,True,18760,18880,18882,,1
349462673936,2,4,0,0,False,20443,20563,20584,141,6
349462673936,2,4,1,0,False,21002,21122,21145,143,6
379172703886,9,2,0,0,True,16990,17110,17111,121,1
379172703886,9,2,2,0,True,17489,17609,17610,121,1
379172703886,9,2,5,0,True,17865,17985,18065,200,27
379172703886,9,2,5,1,True,18365,18485,18548,183,21
379172703886,9,2,5,2,True,18548,18668,18669,121,1
379172703886,18,4,0,0,False,17708,17828,17837,129,3
379172703886,18,4,0,1,False,18137,18257,18266,129,3
379172703886,18,4,0,2,False,18566,18686,18695,129,3
379172703886,18,4,13,0,False,20297,20417,20428,131,4
379172703886,18,4,14,0,False,20848,20968,20977,129,3
379172703886,11,2,1,0,True,17070,17190,17191,121,1
379172703886,11,2,5,0,True,25002,25122,25174,172,18
379172703886,11,2,9,0,True,25549,25669,25756,207,29
379172703886,11,2,9,1,True,25756,25876,25905,149,10
379172703886,11,2,16,0,True,27097,27217,27225,128,3
379172703886,20,7,2,0,True,14876,14996,14997,121,1
379172703886,20,7,3,0,True,15405,15525,15526,121,1
379172703886,20,7,4,0,True,15914,16034,16035,121,1
379172703886,20,7,5,0,True,16443,16563,16564,121,1
379172703886,20,7,6,0,True,16959,17079,17080,121,1
379172703886,1,1,0,0,True,14521,14641,14715,194,25
379172703886,1,1,0,1,True,15015,15135,15137,122,1
379172703886,1,1,1,0,True,17601,17721,17722,121,1
379172703886,1,1,2,0,True,19257,19377,19397,140,7
379172703886,1,1,3,0,True,20012,20132,20133,121,1
379172703886,16,5,5,0,False,14639,14759,14846,207,29
379172703886,16,5,5,1,False,14846,14966,15010,164,15
379172703886,16,5,17,0,False,16250,16370,16371,121,1
379172703886,16,5,33,0,False,18210,18330,18331,121,1
379172703886,16,5,37,0,False,19420,19540,19627,207,29
379172703886,12,4,0,0,False,14521,14641,14668,147,6
379172703886,12,4,10,0,False,15828,15948,15952,124,1
379172703886,12,4,14,0,False,16758,16878,16879,121,1
379172703886,12,4,18,0,False,17965,18085,18117,152,7
379172703886,12,4,18,1,False,18417,18537,18544,127,2
379172703886,22,5,2,0,False,15148,15268,15269,121,1
379172703886,22,5,3,0,False,15886,16006,16007,121,1
379172703886,22,5,7,0,False,17473,17593,17680,207,29
379172703886,22,5,7,1,False,17680,17800,17801,121,1
379172703886,22,5,8,0,False,18154,18274,18361,207,29
379172703886,13,6,1,0,True,28148,28268,28269,121,1
379172703886,13,6,3,0,True,28437,28557,28644,207,29
379172703886,13,6,3,1,True,28644,28764,28851,207,29
379172703886,13,6,3,2,True,28851,28971,28972,121,1
379172703886,13,6,4,0,True,29271,29391,29478,207,29
379172703886,2,3,0,0,True,22427,22547,22549,,1
379172703886,2,3,0,1,True,22849,22969,22987,,6
379172703886,2,3,0,2,True,22987,23107,23194,,29
379172703886,2,3,1,0,True,28663,28783,28797,,5
379172703886,2,3,1,1,True,29097,29217,29218,,1
379172703886,4,1,0,0,True,14521,14641,14673,152,11
379172703886,4,1,0,1,True,14973,15093,15123,150,10
379172703886,4,1,0,2,True,15123,15243,15330,207,29
379172703886,4,1,1,0,True,18476,18596,18670,194,25
379172703886,4,1,3,0,True,19348,19468,19469,121,1
379172703886,7,3,0,0,True,17030,17150,17151,,1
379172703886,7,3,8,0,True,21844,21964,21966,,1
379172703886,7,3,15,0,True,23440,23560,23637,,26
379172703886,7,3,15,1,True,23937,24057,24120,,21
379172703886,7,3,15,2,True,24120,24240,24293,,18
379172703886,23,1,2,0,True,19110,19230,19231,121,1
379172703886,23,1,3,0,True,20083,20203,20250,167,16
379172703886,23,1,5,0,True,25770,25890,25891,121,1
379172703886,23,1,25,0,True,28685,28805,28892,207,29
379172703886,23,1,25,1,True,28892,29012,29092,200,27
379172703886,21,3,7,0,True,17133,17253,17267,,5
379172703886,21,3,12,0,True,25389,25509,25510,,1
379172703886,21,3,21,0,True,27945,28065,28152,,29
379172703886,21,3,21,1,True,28152,28272,28358,,29
379172703886,21,3,21,2,True,28658,28778,28841,,21
379172703886,19,6,4,0,True,27681,,27700,19,0
379172703886,14,3,0,0,True,17614,17734,17821,,29
379172703886,14,3,0,1,True,17821,17941,18028,,29
379172703886,14,3,0,2,True,18028,18148,18235,,29
379172703886,14,3,1,0,True,18936,19056,19143,,29
379172703886,14,3,1,1,True,19143,19263,19264,,1
379172703886,8,7,0,0,True,14564,14684,14685,121,1
379172703886,8,7,1,0,True,15101,15221,15222,121,1
379172703886,8,7,2,0,True,15638,15758,15759,121,1
379172703886,8,7,3,0,True,16176,16296,16297,121,1
379172703886,8,7,4,0,True,16714,16834,16835,121,1
379172703886,17,7,5,0,True,17416,17536,17537,121,1
379172703886,17,7,6,0,True,19561,19681,19682,121,1
379172703886,17,7,8,0,True,20435,20555,20556,121,1
379172703886,17,7,10,0,True,21326,21446,21447,121,1
379172703886,17,7,16,0,True,24227,24347,24348,121,1
379502533246,1,2,2,0,True,14556,14675,14691,135,4
379502533246,2,2,2,0,True,14556,14675,14691,135,4
379502533246,3,2,2,0,True,14556,14675,14691,135,4
379882713876,5,1,0,0,True,19036,19155,19156,120,1
379882713876,5,1,3,0,True,20127,20246,20301,174,11
379882713876,5,1,7,0,True,23232,23351,23352,120,1
379882713876,5,1,9,0,True,25369,25488,25499,130,3
379882713876,5,1,13,0,True,30684,,30777,93,0
379882713876,9,7,1,0,True,16855,16974,16975,120,1
379882713876,9,7,4,0,True,17742,17861,17862,120,1
379882713876,9,7,8,0,True,18196,18315,18356,160,9
379882713876,9,7,10,0,True,19689,19808,19848,159,8
379882713876,9,7,15,0,True,20763,20882,20953,190,15
379882713876,10,7,1,0,True,16855,16974,16975,120,1
379882713876,10,7,4,0,True,17742,17861,17862,120,1
379882713876,10,7,8,0,True,18196,18315,18356,160,9
379882713876,10,7,10,0,True,19689,19808,19848,159,8
379882713876,10,7,15,0,True,20763,20882,20953,190,15
379882713876,6,1,0,0,True,19036,19155,19156,120,1
379882713876,6,1,3,0,True,20127,20246,20301,174,11
379882713876,6,1,7,0,True,23232,23351,23352,120,1
379882713876,6,1,9,0,True,25369,25488,25499,130,3
379882713876,6,1,13,0,True,30684,,30777,93,0
379882713876,13,3,0,0,True,15059,15178,15179,,1
379882713876,13,3,1,0,True,16107,16226,16227,,1
379882713876,13,3,2,0,True,19114,19233,19265,,11
379882713876,13,3,3,0,True,19829,19948,20013,,22
379882713876,13,3,7,0,True,25538,25657,25683,,9
379882713876,7,1,0,0,True,19036,19155,19156,120,1
379882713876,7,1,3,0,True,20127,20246,20301,174,11
379882713876,7,1,7,0,True,23232,23351,23352,120,1
379882713876,7,1,9,0,True,25369,25488,25499,130,3
379882713876,7,1,13,0,True,30684,,30777,93,0
379882713876,14,7,17,0,True,24884,25003,25004,120,1
379882713876,12,5,1,0,False,15405,15524,15538,133,5
379882713876,12,5,1,1,False,15837,15957,15975,138,6
379882713876,12,5,1,2,False,15975,16094,16141,166,16
379882713876,12,5,4,0,False,17023,17142,17143,120,1
379882713876,12,5,8,0,False,19182,19301,19330,148,10
379882713876,11,7,1,0,True,16855,16974,16975,120,1
379882713876,11,7,4,0,True,17742,17861,17862,120,1
379882713876,11,7,8,0,True,18196,18315,18356,160,9
379882713876,11,7,10,0,True,19689,19808,19848,159,8
379882713876,11,7,15,0,True,20763,20882,20953,190,15
389132113316,2,2,0,0,True,14597,14717,14718,121,1
389132113316,3,2,0,0,True,14597,14717,14718,121,1
389132113316,5,7,1,0,True,20188,20308,20334,146,9
389132113316,4,2,0,0,True,14597,14717,14718,121,1
389242743596,15,5,0,0,False,16256,16376,16378,122,1
389242743596,15,5,0,1,False,16678,16798,16799,121,1
389242743596,15,5,1,0,False,16930,17050,17137,207,29
389242743596,15,5,1,1,False,17137,17257,17262,125,2
389242743596,15,5,2,0,False,18413,18533,18538,125,2
389242743596,8,6,0,0,True,20975,21095,21096,121,1
389242743596,8,6,3,0,True,21668,21788,21875,207,29
389242743596,8,6,3,1,True,21875,,21902,27,0
389242743596,10,1,0,0,True,14521,14641,14664,143,8
389242743596,10,1,2,0,True,16625,16745,16746,121,1
389242743596,20,7,2,0,True,16163,16283,16284,121,1
389242743596,14,5,0,0,False,14521,14641,14728,207,29
389242743596,14,5,0,1,False,14728,14848,14913,185,22
389242743596,14,5,0,2,False,15213,15333,15396,183,21
389242743596,14,5,1,0,False,16137,16257,16337,200,27
389242743596,14,5,2,0,False,17329,17449,17536,207,29
389242743596,23,4,0,0,False,17000,17120,17179,179,13
389242743596,16,3,0,0,True,16520,16640,16641,,1
389242743596,24,4,0,0,False,15129,15249,15376,247,29
389242743596,24,4,0,1,False,15376,15496,15565,189,16
389242743596,24,4,1,0,False,16065,16185,16227,162,9
389242743596,24,4,3,0,False,17062,17182,17184,122,1
389242743596,24,4,3,1,False,17484,17604,17634,150,6
389242743596,11,4,0,0,False,19940,20060,20085,145,6
389242743596,13,5,1,0,False,15845,15965,16052,207,29
389242743596,13,5,1,1,False,16052,16172,16259,207,29
389242743596,13,5,1,2,False,16259,16379,16466,207,29
389242743596,13,5,4,0,False,19489,19609,19683,194,25
389242743596,13,5,4,1,False,19983,20103,20104,121,1
389242743596,7,2,0,0,True,16395,16515,16571,176,19
389242743596,7,2,0,1,True,16871,16991,17020,149,10
389242743596,7,2,0,2,True,17320,17440,17467,147,9
389242743596,9,5,0,0,False,14521,14641,14673,152,11
389242743596,9,5,0,1,False,14973,15093,15113,140,7
389242743596,9,5,0,2,False,15413,15533,15551,138,6
389242743596,9,5,1,0,False,16412,16532,16533,121,1
389242743596,9,5,3,0,False,17879,17999,18086,207,29
389242743596,19,7,0,0,True,15365,15485,15537,172,18
389242743596,19,7,1,0,True,15823,15943,16030,207,29
389242743596,19,7,1,1,True,16030,16150,16151,121,1
389242743596,19,7,2,0,True,16450,16570,16657,207,29
389242743596,19,7,2,1,True,16657,16777,16778,121,1
419602113256,2,2,0,0,True,14521,14641,14670,149,10
419602113256,2,2,1,0,True,14836,14956,15003,167,16
419602113256,2,2,2,0,True,15423,15543,15544,121,1
419602113256,2,2,3,0,True,16796,16916,16917,121,1
419602113256,2,2,4,0,True,20643,20763,20779,136,6
429172883516,2,5,6,0,False,16157,16276,16302,145,6
429172883526,1,5,0,0,False,14521,14641,14642,121,1
429172883526,1,5,0,1,False,14942,15062,15138,196,16
429172883526,1,5,0,2,False,15438,15558,15564,126,2
429172883526,1,5,5,0,False,17279,17399,17400,121,1
429172883526,1,5,7,0,False,18876,18996,19002,126,2
429172883526,2,7,0,0,True,14521,14641,14712,191,15
429172883526,2,7,0,1,True,15012,15132,15133,121,1
429172883526,2,7,1,0,True,16477,16597,16598,121,1
429172883526,2,7,2,0,True,18277,18397,18398,121,1
429172883526,2,7,2,1,True,18698,18818,18854,156,8
429172883526,3,6,0,0,True,14687,14807,14818,131,3
429172883526,3,6,0,1,True,15118,15238,15248,130,2
429172883526,3,6,0,2,True,15248,15368,15409,161,9
429172883526,3,6,1,0,True,16266,16386,16412,146,6
429172883526,3,6,2,0,True,16934,17054,17180,246,26
429282923166,3,7,0,0,True,14521,14640,14653,132,3
429282923166,3,7,1,0,True,15645,15764,15880,235,24
429282923166,2,5,0,0,False,14676,14795,14796,120,1
429282923166,2,5,1,0,False,15849,15968,15984,135,4
429282923166,2,5,2,0,False,17987,18106,18187,200,17
429282923166,2,5,2,1,False,18485,18605,18685,200,16
429282923166,2,5,2,2,False,18685,18804,18835,150,7
429282923166,5,4,0,0,False,14930,15049,15050,120,1
429282923166,5,4,1,0,False,15392,15511,15522,130,3
429282923166,5,4,1,1,False,15820,15940,15941,121,1
429282923166,5,4,2,0,False,16765,16884,16900,135,4
429282923166,5,4,2,1,False,17198,17318,17333,135,3
429282923166,4,3,1,0,True,16952,17071,17072,,1
429282923166,4,3,2,0,True,18221,18340,18351,,3
429282923166,4,3,3,0,True,18825,18944,18945,,1
429282923166,4,3,4,0,True,19751,19870,19871,,1
429282923166,4,3,6,0,True,21612,21731,21732,,1
429952943496,6,5,0,0,False,26803,26923,26973,170,17
429952943496,6,5,1,0,False,27400,27520,27528,128,3
429952943496,6,5,1,1,False,27828,27948,27966,138,6
429952943496,6,5,1,2,False,27966,,27974,8,0
429952943496,2,3,0,0,True,14521,14641,14718,,26
429952943496,2,3,8,0,True,15777,15897,15956,,20
429952943496,2,3,9,0,True,18254,18374,18379,,2
429952943496,2,3,9,1,True,18679,18799,18801,,1
429952943496,2,3,9,2,True,19101,19221,19239,,6
429952943496,3,3,0,0,True,14521,14641,14718,,26
429952943496,3,3,8,0,True,15777,15897,15956,,20
429952943496,3,3,9,0,True,18254,18374,18379,,2
429952943496,3,3,9,1,True,18679,18799,18801,,1
429952943496,3,3,9,2,True,19101,19221,19239,,6
429952943496,7,4,2,0,False,14957,15077,15078,121,1
429952943496,7,4,5,0,False,16982,17102,17104,122,1
429952943496,7,4,8,0,False,19553,19673,19675,122,1
429952943496,7,4,9,0,False,20095,20215,20236,141,6
429952943496,7,4,10,0,False,20443,20563,20585,142,6
429952943496,4,3,0,0,True,14521,14641,14718,,26
429952943496,4,3,8,0,True,15777,15897,15956,,20
429952943496,4,3,9,0,True,18254,18374,18379,,2
429952943496,4,3,9,1,True,18679,18799,18801,,1
429952943496,4,3,9,2,True,19101,19221,19239,,6
429952943496,8,4,2,0,False,14957,15077,15078,121,1
429952943496,8,4,5,0,False,16982,17102,17104,122,1
429952943496,8,4,8,0,False,19553,19673,19675,122,1
429952943496,8,4,9,0,False,20095,20215,20236,141,6
429952943496,8,4,10,0,False,20443,20563,20585,142,6
429952943496,9,4,2,0,False,14957,15077,15078,121,1
429952943496,9,4,5,0,False,16982,17102,17104,122,1
429952943496,9,4,8,0,False,19553,19673,19675,122,1
429952943496,9,4,9,0,False,20095,20215,20236,141,6
429952943496,9,4,10,0,False,20443,20563,20585,142,6
439442713976,2,4,0,0,False,16790,16910,16911,121,1
439442713976,2,4,2,0,False,22334,22454,22495,161,9
439442713976,2,4,4,0,False,24517,24637,24644,127,2
439442713976,2,4,5,0,False,25245,25365,25397,152,7
439442713976,2,4,5,1,False,25697,25817,25847,150,6
439442713976,4,3,8,0,True,17770,17890,17892,,1
439442713976,4,3,8,1,True,18192,18312,18314,,1
439442713976,4,3,8,2,True,18614,18734,18752,,6
439442713976,4,3,17,0,True,25740,25860,25865,,2
439442713976,4,3,17,1,True,26165,26285,26287,,1
439442713976,3,1,0,0,True,14521,14641,14667,146,9
439442713976,3,1,2,0,True,15234,15354,15441,207,29
439442713976,3,1,2,1,True,15441,15561,15635,194,25
439442713976,3,1,3,0,True,16118,16238,16243,125,2
439442713976,3,1,4,0,True,16781,16901,16988,207,29
449582833316,2,4,0,0,False,14598,14718,14805,207,29
449582833316,2,4,0,1,False,14805,14925,15012,207,29
449582833316,2,4,0,2,False,15012,15132,15219,207,29
449582833316,2,4,4,0,False,16573,16693,16698,125,2
449582833316,2,4,8,0,False,17961,18081,18168,207,29
449582833316,5,3,2,0,True,23332,23452,23484,,11
449582833316,5,3,2,1,True,23784,23904,23905,,1
449582833316,6,3,2,0,True,23332,23452,23484,,11
449582833316,6,3,2,1,True,23784,23904,23905,,1
449582833316,7,3,2,0,True,23332,23452,23484,,11
449582833316,7,3,2,1,True,23784,23904,23905,,1
449582833316,3,4,0,0,False,14598,14718,14805,207,29
449582833316,3,4,0,1,False,14805,14925,15012,207,29
449582833316,3,4,0,2,False,15012,15132,15219,207,29
449582833316,3,4,4,0,False,16573,16693,16698,125,2
449582833316,3,4,8,0,False,17961,18081,18168,207,29
449582833316,4,4,0,0,False,14598,14718,14805,207,29
449582833316,4,4,0,1,False,14805,14925,15012,207,29
449582833316,4,4,0,2,False,15012,15132,15219,207,29
449582833316,4,4,4,0,False,16573,16693,16698,125,2
449582833316,4,4,8,0,False,17961,18081,18168,207,29
449582833316,10,5,33,0,False,19673,19793,19794,121,1
449582833316,10,5,57,0,False,24715,24835,24893,178,20
449582833316,10,5,62,0,False,25367,25487,25489,122,1
449582833316,10,5,68,0,False,26085,26205,26292,207,29
449582833316,10,5,68,1,False,26292,26412,26499,207,29
449582833316,11,2,13,0,True,21186,21306,21389,203,28
449582833316,11,2,13,1,True,21689,21809,21817,128,3
449582833316,11,2,14,0,True,22602,22722,22809,207,29
449582833316,11,2,14,1,True,22809,22929,23016,207,29
449582833316,11,2,14,2,True,23016,23136,23174,158,13
459282513106,1,6,0,0,True,15853,15972,15993,140,5
469412693116,1,3,1,0,True,18050,18170,18171,,1
469412693116,1,3,2,0,True,19702,19822,19854,,11
469412693116,1,3,3,0,True,20455,20575,20576,,1
469412693116,1,3,4,0,True,20787,20907,20960,,18
469412693116,1,3,4,1,True,21260,21380,21388,,3
489412463416,2,1,0,0,True,16947,17067,17154,207,29
489412463416,2,1,0,1,True,17154,17274,17361,207,29
489412463416,2,1,0,2,True,17361,17481,17568,207,29
489412463416,2,1,2,0,True,20917,21037,21120,203,28
489412463416,2,1,2,1,True,21420,21540,21572,152,11
489412463416,1,1,0,0,True,16167,16287,16288,121,1
489412463416,1,1,1,0,True,19639,19759,19760,121,1
489412463416,1,1,2,0,True,20137,20257,20340,203,28
489412463416,1,1,3,0,True,20947,21067,21068,121,1
489412463416,1,1,4,0,True,21402,21522,21584,182,21
519312273626,6,4,0,0,False,14813,14930,15047,234,29
519312273626,6,4,0,1,False,15047,15164,15179,132,4
519312273626,6,4,0,2,False,15473,15590,15601,128,3
519312273626,6,4,1,0,False,16024,16141,16216,192,19
519312273626,6,4,1,1,False,16510,16627,16700,190,18
519312273626,3,2,3,0,True,14667,14786,14791,124,2
519312273626,3,2,29,0,True,15540,15659,15735,195,26
519312273626,3,2,32,0,True,15885,16004,16091,206,29
519312273626,3,2,32,1,True,16091,16210,16297,206,29
519312273626,3,2,32,2,True,16297,16416,16417,120,1
519312273626,7,4,0,0,False,14813,14930,15047,234,29
519312273626,7,4,0,1,False,15047,15164,15179,132,4
519312273626,7,4,0,2,False,15473,15590,15601,128,3
519312273626,7,4,1,0,False,16024,16141,16216,192,19
519312273626,7,4,1,1,False,16510,16627,16700,190,18
519312273626,4,2,3,0,True,14667,14786,14791,124,2
519312273626,4,2,29,0,True,15540,15659,15735,195,26
519312273626,4,2,32,0,True,15885,16004,16091,206,29
519312273626,4,2,32,1,True,16091,16210,16297,206,29
519312273626,4,2,32,2,True,16297,16416,16417,120,1
519312273626,8,4,0,0,False,14813,14930,15047,234,29
519312273626,8,4,0,1,False,15047,15164,15179,132,4
519312273626,8,4,0,2,False,15473,15590,15601,128,3
519312273626,8,4,1,0,False,16024,16141,16216,192,19
519312273626,8,4,1,1,False,16510,16627,16700,190,18
519312273626,5,2,3,0,True,14667,14786,14791,124,2
519312273626,5,2,29,0,True,15540,15659,15735,195,26
519312273626,5,2,32,0,True,15885,16004,16091,206,29
519312273626,5,2,32,1,True,16091,16210,16297,206,29
519312273626,5,2,32,2,True,16297,16416,16417,120,1
519712933526,2,6,5,0,True,26788,26908,26909,121,1
519712933526,2,6,6,0,True,27235,27355,27384,149,10
519712933526,2,6,6,1,True,27684,27804,27805,121,1
539822283526,2,7,0,0,True,14521,14640,14642,121,1
539822283526,2,7,0,1,True,14941,15061,15062,121,1
539822283526,2,7,4,0,True,16532,16651,16663,131,4
539822283526,2,7,5,0,True,17088,17207,17295,207,29
539822283526,2,7,5,1,True,17295,17414,17502,207,29
539822283526,3,7,0,0,True,14521,14640,14642,121,1
539822283526,3,7,0,1,True,14941,15061,15062,121,1
539822283526,3,7,4,0,True,16532,16651,16663,131,4
539822283526,3,7,5,0,True,17088,17207,17295,207,29
539822283526,3,7,5,1,True,17295,17414,17502,207,29
539822283526,6,2,1,0,True,14640,14759,14760,120,1
539822283526,6,2,2,0,True,15191,15310,15311,120,1
539822283526,6,2,5,0,True,16172,16291,16362,190,24
539822283526,6,2,6,0,True,16899,17018,17029,130,4
539822283526,6,2,7,0,True,17965,18084,18171,206,29
539822283526,5,1,0,0,True,14521,14640,14687,166,16
539822283526,5,1,1,0,True,15189,15308,15340,151,11
539822283526,5,1,2,0,True,15933,16052,16099,166,16
539822283526,5,1,8,0,True,19468,19587,19610,142,8
539822283526,5,1,9,0,True,20257,20376,20377,120,1
539822283526,4,7,0,0,True,14521,14640,14642,121,1
539822283526,4,7,0,1,True,14941,15061,15062,121,1
539822283526,4,7,4,0,True,16532,16651,16663,131,4
539822283526,4,7,5,0,True,17088,17207,17295,207,29
539822283526,4,7,5,1,True,17295,17414,17502,207,29
559112503106,2,1,0,0,True,16304,16424,16450,146,9
559112503106,2,1,1,0,True,16870,16990,16991,121,1
559112503106,2,1,2,0,True,18480,18600,18601,121,1
559112503106,2,1,4,0,True,19920,20040,20041,121,1
559112503106,2,1,5,0,True,20417,20537,20538,121,1
559152833836,5,7,0,0,True,20010,20130,20141,131,4
559152833836,5,7,0,1,True,20441,20561,20578,137,6
559152833836,5,7,1,0,True,23556,23676,23677,121,1
559152833836,5,7,2,0,True,24617,24737,24742,125,2
559152833836,3,2,0,0,True,14521,14641,14661,140,7
559152833836,3,2,0,1,True,14961,15081,15086,125,2
559152833836,3,2,1,0,True,17070,17190,17264,194,25
559472613156,4,5,4,0,False,16038,16157,16158,120,1
559472613156,4,5,10,0,False,18447,18566,18654,207,29
559472613156,4,5,10,1,False,18654,18773,18820,166,16
559472613156,4,5,11,0,False,19240,19359,19442,202,28
559472613156,4,5,49,0,False,21396,21515,21602,206,29
579402583286,4,3,6,0,True,15720,15839,15862,,8
579402583286,4,3,9,0,True,16773,16892,16895,,1
579402583286,4,3,14,0,True,19093,19212,19213,,1
579402583286,4,3,18,0,True,20201,20320,20321,,1
579402583286,4,3,20,0,True,21586,21705,21792,,29
579402583286,2,2,36,0,True,17069,17188,17189,120,1
579402583286,2,2,37,0,True,17847,17966,17967,120,1
579402583286,2,2,41,0,True,19124,19243,19287,163,15
579402583286,2,2,41,1,True,19585,19705,19747,162,14
579402583286,2,2,41,2,True,19747,19866,19953,206,29
579402583286,3,6,1,0,True,14632,,14695,63,0
579562183996,7,2,0,0,True,19417,19537,19538,121,1
579562183996,7,2,1,0,True,19899,20019,20020,121,1
579562183996,7,2,4,0,True,20373,20493,20494,121,1
579562183996,7,2,5,0,True,20642,20762,20763,121,1
579562183996,16,1,0,0,True,14521,14641,14642,121,1
579562183996,15,6,2,0,True,15083,15203,15204,121,1
579562183996,15,6,3,0,True,15828,15948,15949,121,1
579562183996,15,6,4,0,True,16681,16801,16802,121,1
579562183996,15,6,5,0,True,18110,18230,18231,121,1
579562183996,15,6,6,0,True,18726,18846,18847,121,1
579562183996,42,4,0,0,False,14521,14641,14683,162,11
579562183996,42,4,1,0,False,15646,15766,15812,166,12
579562183996,42,4,3,0,False,16809,16929,16971,162,11
579562183996,42,4,4,0,False,18107,18227,18285,178,15
579562183996,42,4,4,1,False,18585,18705,18731,146,7
579562183996,36,1,4,0,True,19097,19217,19219,122,1
579562183996,36,1,5,0,True,21732,21852,21853,121,1
579562183996,36,1,6,0,True,22246,22366,22392,146,9
579562183996,36,1,6,1,True,22692,22812,22836,144,8
579562183996,36,1,6,2,True,22836,22956,23000,164,15
579562183996,22,2,1,0,True,15603,15723,15724,121,1
579562183996,22,2,3,0,True,19264,19384,19385,121,1
579562183996,22,2,5,0,True,23003,23123,23124,121,1
579562183996,8,3,0,0,True,16694,16814,16870,,19
579562183996,32,5,3,0,False,16575,16695,16782,207,29
579562183996,32,5,3,1,False,16782,16902,16989,207,29
579562183996,32,5,3,2,False,16989,17109,17196,207,29
579562183996,32,5,4,0,False,21930,22050,22137,207,29
579562183996,32,5,4,1,False,22137,22257,22344,207,29
579562183996,23,2,1,0,True,15603,15723,15724,121,1
579562183996,23,2,3,0,True,19264,19384,19385,121,1
579562183996,23,2,5,0,True,23003,23123,23124,121,1
579562183996,18,6,2,0,True,15238,15358,15445,207,29
579562183996,18,6,2,1,True,15445,15565,15566,121,1
579562183996,18,6,4,0,True,16368,16488,16489,121,1
579562183996,18,6,6,0,True,18182,18302,18303,121,1
579562183996,18,6,9,0,True,21040,21160,21161,121,1
579562183996,27,5,0,0,False,14521,14641,14728,207,29
579562183996,27,5,0,1,False,14728,14848,14853,125,2
579562183996,27,5,5,0,False,15361,15481,15482,121,1
579562183996,27,5,6,0,False,23305,23425,23426,121,1
579562183996,27,5,7,0,False,24226,24346,24429,203,28
579562183996,19,6,2,0,True,15238,15358,15445,207,29
579562183996,19,6,2,1,True,15445,15565,15566,121,1
579562183996,19,6,4,0,True,16368,16488,16489,121,1
579562183996,19,6,6,0,True,18182,18302,18303,121,1
579562183996,19,6,9,0,True,21040,21160,21161,121,1
579562183996,38,3,0,0,True,17852,17972,17977,,2
579562183996,38,3,0,1,True,18277,18397,18399,,1
579562183996,38,3,1,0,True,18954,19074,19076,,1
579562183996,38,3,1,1,True,19376,19496,19501,,2
579562183996,38,3,1,2,True,19801,19921,19923,,1
579562183996,10,4,5,0,False,15632,15752,15763,131,4
579562183996,10,4,6,0,False,16183,16303,16304,121,1
579562183996,10,4,10,0,False,18286,18406,18411,125,2
579562183996,10,4,11,0,False,18993,19113,19142,149,10
579562183996,10,4,11,1,False,19442,19562,19563,121,1
579562183996,30,7,0,0,True,26317,26437,26524,207,29
579562183996,30,7,0,1,True,26524,26644,26731,207,29
579562183996,30,7,0,2,True,26731,26851,26938,207,29
579562183996,21,1,0,0,True,16450,16570,16571,121,1
579562183996,21,1,1,0,True,18104,18224,18247,143,8
579562183996,21,1,2,0,True,19972,20092,20179,207,29
579562183996,21,1,2,1,True,20179,20299,20386,207,29
579562183996,21,1,2,2,True,20386,20506,20593,207,29
579562183996,25,4,0,0,False,14521,14641,14655,134,4
579562183996,25,4,0,1,False,14955,15075,15089,134,4
579562183996,25,4,3,0,False,18037,18157,18167,130,3
579562183996,25,4,3,1,False,18467,18587,18601,134,4
579562183996,25,4,3,2,False,18901,19021,19039,138,5
579562183996,3,,0,0,True,16332,16452,16539,207,29
579562183996,24,2,1,0,True,15603,15723,15724,121,1
579562183996,24,2,3,0,True,19264,19384,19385,121,1
579562183996,24,2,5,0,True,23003,23123,23124,121,1
579562183996,20,6,2,0,True,15238,15358,15445,207,29
579562183996,20,6,2,1,True,15445,15565,15566,121,1
579562183996,20,6,4,0,True,16368,16488,16489,121,1
579562183996,20,6,6,0,True,18182,18302,18303,121,1
579562183996,20,6,9,0,True,21040,21160,21161,121,1
579562183996,41,6,0,0,True,14521,14641,14728,207,29
579562183996,41,6,0,1,True,14728,14848,14849,121,1
579562183996,41,6,8,0,True,16324,16444,16509,185,22
579562183996,41,6,8,1,True,16809,16929,16946,137,6
579562183996,41,6,8,2,True,17246,17366,17371,125,2
579562183996,28,7,8,0,True,15325,15445,15461,136,6
579562183996,28,7,13,0,True,24111,24231,24232,121,1
579562183996,28,7,14,0,True,24642,24762,24849,207,29
579562183996,28,7,14,1,True,24849,24969,24970,121,1
579562183996,28,7,15,0,True,25339,25459,25460,121,1
579562183996,29,2,0,0,True,14521,14641,14642,121,1
579562183996,29,2,3,0,True,14953,15073,15074,121,1
579562183996,29,2,5,0,True,15374,15494,15495,121,1
579562183996,29,2,7,0,True,15781,15901,15912,131,4
609382353906,1,5,5,0,False,19345,19465,19466,121,1
609382353906,1,5,7,0,False,19840,19960,19968,128,3
609382353906,1,5,7,1,False,20268,20388,20389,121,1
609382353906,7,4,0,0,False,15192,15312,15399,207,29
609382353906,7,4,0,1,False,15399,15519,15530,131,4
609382353906,7,4,0,2,False,15830,15950,15968,138,6
609382353906,7,4,2,0,False,21060,21180,21239,179,20
609382353906,7,4,3,0,False,25142,25262,25263,121,1
609382353906,2,7,0,0,True,22669,22789,22860,191,24
639752983556,10,6,0,0,True,33439,33559,33560,121,1
639752983556,13,5,0,0,False,15775,15895,15896,121,1
639752983556,13,5,1,0,False,16944,17064,17065,121,1
639752983556,13,5,3,0,False,21532,21652,21660,128,3
639752983556,13,5,4,0,False,24638,24758,24769,131,4
639752983556,13,5,4,1,False,25069,25189,25207,138,6
639752983556,15,7,0,0,True,14521,14641,14642,121,1
639752983556,15,7,1,0,True,15481,15601,15688,207,29
639752983556,15,7,1,1,True,15688,15808,15891,203,28
639752983556,15,7,2,0,True,16518,16638,16661,143,8
639752983556,15,7,2,1,True,16961,17081,17102,141,7
639752983556,14,1,0,0,True,15496,15616,15650,154,12
639752983556,14,1,1,0,True,18666,18786,18787,121,1
639752983556,14,1,2,0,True,19271,19391,19478,207,29
639752983556,14,1,2,1,True,19478,19598,19675,197,26
639752983556,14,1,3,0,True,23206,23326,23413,207,29
639752983556,12,2,0,0,True,16146,16266,16353,207,29
639752983556,12,2,0,1,True,16353,16473,16499,146,9
639752983556,12,2,0,2,True,16799,16919,16943,144,8
639752983556,12,2,3,0,True,26358,26478,26537,179,20
639752983556,12,2,3,1,True,26837,26957,26959,122,1
639752983556,8,3,2,0,True,16716,16836,16923,,29
639752983556,8,3,2,1,True,16923,17043,17063,,7
639752983556,8,3,3,0,True,21317,21437,21439,,1
639752983556,8,3,4,0,True,22115,22235,22322,,29
639752983556,8,3,4,1,True,22322,22442,22495,,18
639752983556,7,4,1,0,False,17491,17611,17673,182,21
639752983556,7,4,2,0,False,18540,18660,18689,149,10
639752983556,7,4,3,0,False,19995,20115,20192,197,26
639752983556,7,4,3,1,False,20492,20612,20675,183,21
639752983556,7,4,3,2,False,20675,20795,20818,143,8
649352693886,6,3,3,0,True,14864,14984,15001,,6
649352693886,6,3,4,0,True,16406,16526,16540,,5
649352693886,6,3,4,1,True,16840,16960,16961,,1
649352693886,6,3,5,0,True,20128,20248,20271,,8
649352693886,5,7,0,0,True,14521,14641,14664,143,8
649352693886,5,7,0,1,True,14964,15084,15104,140,7
649352693886,5,7,0,2,True,15404,15524,15538,134,5
649352693886,5,7,1,0,True,17097,17217,17235,138,6
649352693886,5,7,4,0,True,17492,17612,17629,137,6
669392133326,1,5,1,0,False,17147,17266,17325,178,20
669392133326,1,5,1,1,False,17623,17743,17763,140,7
669392133326,1,5,7,0,False,22550,22669,22698,148,10
669392133326,1,5,7,1,False,22996,23116,23117,121,1
669392133326,1,5,9,0,False,24003,,24056,53,0
669392133326,2,5,1,0,False,17147,17266,17325,178,20
669392133326,2,5,1,1,False,17623,17743,17763,140,7
669392133326,2,5,7,0,False,22550,22669,22698,148,10
669392133326,2,5,7,1,False,22996,23116,23117,121,1
669392133326,2,5,9,0,False,24003,,24056,53,0
669392133326,3,5,1,0,False,17147,17266,17325,178,20
669392133326,3,5,1,1,False,17623,17743,17763,140,7
669392133326,3,5,7,0,False,22550,22669,22698,148,10
669392133326,3,5,7,1,False,22996,23116,23117,121,1
669392133326,3,5,9,0,False,24003,,24056,53,0
689222633176,1,1,18,0,True,17924,18043,18044,120,1
719202523406,2,6,2,0,True,16134,,16239,105,0
719202523406,3,2,0,0,True,16337,16457,16504,167,16
719202523406,3,2,0,1,True,16804,16924,16925,121,1
719202523406,3,2,1,0,True,18152,18272,18304,152,11
719202523406,3,2,2,0,True,20469,20589,20676,207,29
719202523406,3,2,2,1,True,20676,20796,20798,122,1
719602313796,5,6,0,0,True,18510,18627,18628,118,1
719602313796,5,6,2,0,True,19024,19141,19142,118,1
719602313796,4,2,0,0,True,14521,14638,14670,149,11
719602313796,4,2,1,0,True,15121,15238,15239,118,1
719602313796,8,7,1,0,True,14836,14955,14956,120,1
719602313796,8,7,5,0,True,15116,15235,15322,206,29
719602313796,8,7,5,1,True,15322,15441,15528,206,29
719602313796,8,7,5,2,True,15528,15647,15734,206,29
719602313796,8,7,9,0,True,20111,20230,20317,206,29
729422983146,1,6,0,0,True,14611,14731,14732,121,1
729422983146,1,6,1,0,True,15276,15396,15483,207,29
729422983146,1,6,1,1,True,15483,15603,15690,207,29
729422983146,1,6,1,2,True,15690,15810,15897,207,29
729422983146,1,6,2,0,True,18588,18708,18795,207,29
729422983146,2,4,0,0,False,14521,14641,14673,152,11
729422983146,2,4,0,1,False,14973,15093,15113,140,7
729422983146,2,4,1,0,False,17711,17831,17878,167,16
729422983146,2,4,1,1,False,18178,18298,18343,165,15
729422983146,2,4,1,2,False,18343,18463,18464,121,1
769362533216,1,7,0,0,True,15982,16102,16103,121,1
769362533216,1,7,1,0,True,17806,17926,18013,207,29
769362533216,1,7,1,1,True,18013,18133,18134,121,1
769362533216,1,7,2,0,True,18471,18591,18674,203,28
769762353206,1,7,1,0,True,14988,15107,15108,120,1
769762353206,1,7,33,0,True,20147,20266,20267,120,1
809312773786,7,4,2,0,False,16391,16510,16552,161,11
809312773786,7,4,3,0,False,17539,17658,17659,120,1
809312773786,7,4,4,0,False,18053,18172,18186,133,4
809312773786,7,4,4,1,False,18484,18604,18605,121,1
809312773786,7,4,5,0,False,18991,19110,19111,120,1
809312773786,2,3,7,0,True,14649,14768,14797,,10
809312773786,2,3,13,0,True,15338,15457,15525,,23
809312773786,5,6,1,0,True,19816,19935,19936,120,1
809312773786,5,6,4,0,True,21627,21746,21747,120,1
809312773786,5,6,5,0,True,22527,,22546,19,0
829182423846,1,4,0,0,False,14796,14915,14931,135,4
829182423846,1,4,0,1,False,15229,15349,15364,135,3
829182423846,1,4,0,2,False,15364,15483,15489,125,2
839602763696,1,5,0,0,False,16708,16827,16892,184,22
839602763696,1,5,2,0,False,18276,18395,18396,120,1
839602763696,1,5,3,0,False,18749,18868,18912,163,15
839602763696,1,5,4,0,False,19342,19461,19469,127,3
839602763696,1,5,4,1,False,19768,19888,19906,138,6
839812403536,2,1,0,0,True,17192,17311,17312,120,1
839812403536,2,1,3,0,True,22036,22155,22156,120,1
839812403536,2,1,4,0,True,22675,22794,22795,120,1
839812403536,2,1,9,0,True,25543,25662,25663,120,1
839812403536,2,1,10,0,True,25998,26117,26118,120,1
839812403536,10,1,0,0,True,14521,14640,14641,120,1
839812403536,10,1,1,0,True,15246,15365,15412,166,16
839812403536,10,1,1,1,True,15710,15830,15838,128,3
839812403536,10,1,2,0,True,16258,16377,16448,190,24
839812403536,10,1,2,1,True,16746,16866,16868,122,1
839812403536,1,3,3,0,True,25332,25451,25474,,8
839812403536,1,3,4,0,True,25898,26017,26021,,2
839812403536,1,3,7,0,True,26343,26462,26494,,11
839812403536,1,3,8,0,True,27873,27992,28030,,13
839812403536,7,6,0,0,True,16953,17070,17087,134,6
839812403536,7,6,0,1,True,17381,17498,17499,118,1
839812403536,7,6,1,0,True,17830,17947,18034,204,29
839812403536,7,6,1,1,True,18034,18151,18238,204,29
839812403536,7,6,1,2,True,18238,18355,18442,204,29
839812403536,8,6,0,0,True,16953,17070,17087,134,6
839812403536,8,6,0,1,True,17381,17498,17499,118,1
839812403536,8,6,1,0,True,17830,17947,18034,204,29
839812403536,8,6,1,1,True,18034,18151,18238,204,29
839812403536,8,6,1,2,True,18238,18355,18442,204,29
839812403536,9,6,0,0,True,16953,17070,17087,134,6
839812403536,9,6,0,1,True,17381,17498,17499,118,1
839812403536,9,6,1,0,True,17830,17947,18034,204,29
839812403536,9,6,1,1,True,18034,18151,18238,204,29
839812403536,9,6,1,2,True,18238,18355,18442,204,29
839812403536,3,1,0,0,True,17192,17311,17312,120,1
839812403536,3,1,3,0,True,22036,22155,22156,120,1
839812403536,3,1,4,0,True,22675,22794,22795,120,1
839812403536,3,1,9,0,True,25543,25662,25663,120,1
839812403536,3,1,10,0,True,25998,26117,26118,120,1
839812403536,4,1,0,0,True,17192,17311,17312,120,1
839812403536,4,1,3,0,True,22036,22155,22156,120,1
839812403536,4,1,4,0,True,22675,22794,22795,120,1
839812403536,4,1,9,0,True,25543,25662,25663,120,1
839812403536,4,1,10,0,True,25998,26117,26118,120,1
849472733126,2,1,0,0,True,14779,14899,14900,121,1
849472733126,2,1,1,0,True,15545,15665,15666,121,1
849472733126,1,7,0,0,True,15312,15432,15433,121,1
849692143376,2,2,0,0,True,16403,,16480,77,0
849952193866,2,7,0,0,True,14545,14664,14665,120,1
849952193866,2,7,0,1,True,14964,15084,15125,161,9
849952193866,2,7,1,0,True,15817,,15843,26,0
859972693426,1,6,5,0,True,17656,17776,17802,146,9
869212593686,3,5,2,0,False,14975,15094,15129,154,12
869212593686,3,5,4,0,False,15255,15374,15375,120,1
869212593686,3,5,8,0,False,15890,16009,16025,135,5
869212593686,3,5,11,0,False,16864,16983,16988,124,2
869212593686,3,5,24,0,False,17844,17963,17964,120,1
869822633666,5,1,1,0,True,17941,18061,18062,121,1
869822633666,5,1,2,0,True,18409,18529,18530,121,1
869822633666,5,1,3,0,True,20149,20269,20270,121,1
869822633666,5,1,6,0,True,24522,24642,24729,207,29
869822633666,5,1,6,1,True,24729,24849,24936,207,29
869822633666,3,5,0,0,False,15218,15338,15339,121,1
869822633666,3,5,1,0,False,17225,17345,17432,207,29
869822633666,3,5,1,1,False,17432,17552,17553,121,1
869822633666,3,5,2,0,False,17973,18093,18180,207,29
869822633666,3,5,2,1,False,18180,18300,18301,121,1
869822633666,1,4,2,0,False,21317,21437,21438,121,1
869822633666,1,4,3,0,False,23059,23179,23321,262,29
869822633666,1,4,3,1,False,23321,23441,23471,150,7
869982223106,1,1,0,0,True,16114,16234,16321,207,29
869982223106,1,1,0,1,True,16321,16441,16528,207,29
869982223106,1,1,0,2,True,16528,16648,16649,121,1
869982223106,1,1,1,0,True,17019,17139,17226,207,29
869982223106,1,1,1,1,True,17226,17346,17396,170,17
899352433976,2,7,2,0,True,16396,16516,16517,121,1
899352433976,15,3,1,0,True,18742,18862,18863,,1
899352433976,15,3,11,0,True,27311,27431,27432,,1
899352433976,15,3,12,0,True,27825,27945,28032,,29
899352433976,15,3,12,1,True,28032,28152,28153,,1
899352433976,15,3,13,0,True,28546,28666,28667,,1
899352433976,16,6,0,0,True,15590,15710,15797,207,29
899352433976,16,6,0,1,True,15797,15917,16004,207,29
899352433976,16,6,0,2,True,16004,16124,16207,203,28
899352433976,16,6,1,0,True,19075,19195,19282,207,29
899352433976,16,6,1,1,True,19282,19402,19489,207,29
899352433976,7,7,0,0,True,14521,14641,14670,149,10
899352433976,13,1,0,0,True,14521,14641,14728,207,29
899352433976,13,1,0,1,True,14728,14848,14916,188,23
899352433976,13,1,1,0,True,16186,16306,16393,207,29
899352433976,13,1,1,1,True,16393,16513,16600,207,29
899352433976,13,1,1,2,True,16600,16720,16737,137,6
899352433976,12,5,2,0,False,16886,17006,17093,207,29
899352433976,12,5,2,1,False,17093,17213,17300,207,29
899352433976,12,5,2,2,False,17300,17420,17507,207,29
899352433976,12,5,3,0,False,19064,19184,19243,179,20
899352433976,12,5,3,1,False,19543,19663,19668,125,2
899352433976,5,7,0,0,True,14521,14641,14715,194,25
899352433976,5,7,0,1,True,15015,15135,15137,122,1
899352433976,5,7,0,2,True,15437,15557,15575,138,6
899352433976,5,7,1,0,True,16343,16463,16550,207,29
899352433976,5,7,1,1,True,16550,16670,16757,207,29
899352433976,11,3,0,0,True,17977,18097,18114,,6
899352433976,11,3,0,1,True,18414,18534,18552,,6
899352433976,11,3,0,2,True,18552,18672,18689,,6
899352433976,11,3,2,0,True,23934,24054,24141,,29
899352433976,11,3,2,1,True,24141,24261,24308,,16
899352433976,14,4,1,0,False,14682,14802,14938,256,29
899352433976,14,4,1,1,False,14938,15058,15191,253,29
899352433976,14,4,1,2,False,15191,15311,15333,142,5
899352433976,14,4,2,0,False,18442,18562,18608,166,10
899352433976,14,4,2,1,False,18908,19028,19030,122,1
899352433976,17,1,0,0,True,17162,17282,17341,179,20
899352433976,17,1,0,1,True,17641,17761,17802,161,14
899352433976,17,1,0,2,True,18102,18222,18261,159,13
899352433976,17,1,1,0,True,22279,22399,22425,146,9
899352433976,17,1,1,1,True,22725,22845,22869,144,8
909232733626,3,3,0,0,True,18377,18497,18523,,9
909232733626,3,3,1,0,True,19429,19549,19575,,9
909232733626,3,3,2,0,True,20226,20346,20357,,4
909232733626,3,3,3,0,True,20882,21002,21007,,2
909232733626,3,3,4,0,True,21933,22053,22055,,1
909232733626,7,1,0,0,True,20196,20316,20334,138,6
909232733626,7,1,1,0,True,22385,,22421,36,0
909232733626,2,3,0,0,True,15375,15495,15506,,4
909232733626,6,3,0,0,True,14938,15058,15124,,22
929272753896,6,7,1,0,True,14588,14708,14795,207,29
929272753896,6,7,1,1,True,14795,14915,15002,207,29
929272753896,6,7,1,2,True,15002,15122,15123,121,1
929272753896,6,7,3,0,True,16922,17042,17129,207,29
929272753896,6,7,3,1,True,17129,17249,17278,149,10
929272753896,5,4,9,0,False,15659,15779,15780,121,1
929272753896,5,4,10,0,False,16195,16315,16332,137,6
929272753896,5,4,11,0,False,16752,16872,16904,152,11
929272753896,5,4,17,0,False,17889,18009,18010,121,1
929882413656,1,3,0,0,True,15954,16074,16094,,7
929882413656,1,3,0,1,True,16394,16514,16515,,1
929882413656,1,3,1,0,True,16926,17046,17084,,13
969522133156,4,1,0,0,True,17551,17671,17757,206,29
969522133156,4,1,0,1,True,18057,18177,18240,183,21
969522133156,4,1,0,2,True,18240,18360,18447,207,29
969522133156,5,1,0,0,True,17551,17671,17757,206,29
969522133156,5,1,0,1,True,18057,18177,18240,183,21
969522133156,5,1,0,2,True,18240,18360,18447,207,29
969522133156,3,7,1,0,True,14620,14740,14741,121,1
969522133156,3,7,2,0,True,15848,15968,16021,173,18
969522133156,3,7,2,1,True,16321,16441,16488,167,16
969522133156,3,7,2,2,True,16788,16908,16909,121,1
969522133156,7,6,0,0,True,16171,16291,16326,155,12
969522133156,6,1,0,0,True,17551,17671,17757,206,29
969522133156,6,1,0,1,True,18057,18177,18240,183,21
969522133156,6,1,0,2,True,18240,18360,18447,207,29
989102553716,5,2,0,0,True,14521,14638,14725,204,29
989102553716,5,2,0,1,True,14725,14842,14868,143,9
989102553716,5,2,10,0,True,21509,21626,21627,118,1
989102553716,10,3,25,0,True,23174,23291,23293,,1
989102553716,3,1,26,0,True,20173,20290,20349,176,20
989102553716,3,1,28,0,True,21883,22000,22087,204,29
989102553716,3,1,28,1,True,22087,22204,22211,124,3
989102553716,3,1,29,0,True,24164,24281,24286,122,2
989102553716,4,6,2,0,True,14893,15010,15011,118,1
989102553716,4,6,46,0,True,18857,18974,18975,118,1
989102553716,1,5,0,0,False,14521,14638,14667,146,6
989102553716,1,5,4,0,False,16615,16732,16753,138,5
989102553716,1,5,14,0,False,17764,17881,17907,143,6
989102553716,1,5,15,0,False,18327,18444,18445,118,1
989102553716,8,3,4,0,True,14697,14814,14815,,1
989102553716,8,3,9,0,True,15085,15202,15264,,21
989102553716,8,3,21,0,True,16624,16741,16806,,22
989102553716,8,3,21,1,True,17100,17217,17280,,21
989102553716,8,3,21,2,True,17280,17397,17401,,2
989102553716,7,7,12,0,True,15782,15899,15900,118,1
989102553716,7,7,23,0,True,18022,18139,18140,118,1
989102553716,7,7,27,0,True,18835,18952,18953,118,1
989102553716,7,7,33,0,True,22175,22292,22321,146,10
989102553716,11,3,25,0,True,23174,23291,23293,,1
989102553716,12,2,3,0,True,17087,17204,17205,118,1
989102553716,2,5,0,0,False,14521,14638,14725,204,29
989102553716,2,5,0,1,False,14725,14842,14843,118,1
989102553716,2,5,1,0,False,15145,15262,15300,155,13
989102553716,2,5,6,0,False,15496,15613,15684,188,24
989102553716,2,5,16,0,False,16302,16419,16420,118,1
989102553716,13,6,13,0,True,15466,15583,15584,118,1
989102553716,13,6,19,0,True,16926,17043,17097,171,18
989102553716,9,4,40,0,False,19940,20057,20058,118,1
989102553716,9,4,48,0,False,23792,23909,23912,120,1
989102553716,9,4,71,0,False,24605,24722,24723,118,1
989102553716,9,4,74,0,False,25449,25566,25613,164,12
989102553716,9,4,75,0,False,26038,26155,26156,118,1
989232823696,2,2,0,0,True,15282,15402,15489,207,29
989232823696,2,2,0,1,True,15489,15609,15696,207,29
989232823696,2,2,0,2,True,15696,15816,15903,207,29
989232823696,2,2,2,0,True,17321,17441,17455,134,5
989232823696,16,4,4,0,False,16580,16700,16701,121,1
989232823696,16,4,5,0,False,17070,17190,17195,125,2
989232823696,16,4,5,1,False,17495,17615,17616,121,1
989232823696,16,4,6,0,False,18628,18748,18830,202,21
989232823696,16,4,6,1,False,19130,19250,19260,130,3
989232823696,3,2,0,0,True,15282,15402,15489,207,29
989232823696,3,2,0,1,True,15489,15609,15696,207,29
989232823696,3,2,0,2,True,15696,15816,15903,207,29
989232823696,3,2,2,0,True,17321,17441,17455,134,5
989232823696,4,2,0,0,True,15282,15402,15489,207,29
989232823696,4,2,0,1,True,15489,15609,15696,207,29
989232823696,4,2,0,2,True,15696,15816,15903,207,29
989232823696,4,2,2,0,True,17321,17441,17455,134,5
989232823696,9,4,0,0,False,14521,14641,14695,174,14
989232823696,9,4,2,0,False,19148,19268,19338,190,18
989232823696,9,4,4,0,False,20345,20465,20467,122,1
989232823696,9,4,4,1,False,20767,20887,20889,122,1
989232823696,9,4,4,2,False,21189,21309,21333,144,6
989232823696,12,3,0,0,True,14694,14814,14900,,29
989232823696,10,6,0,0,True,16064,16184,16201,137,6
989232823696,10,6,0,1,True,16501,16621,16639,138,6
989232823696,10,6,0,2,True,16639,16759,16760,121,1
989232823696,10,6,2,0,True,21175,,21292,117,0
989232823696,8,5,6,0,False,16225,16345,16368,143,8
989232823696,8,5,7,0,False,16788,16908,16925,137,6
989232823696,8,5,7,1,False,17225,17345,17353,128,3
989232823696,8,5,7,2,False,17653,17773,17791,138,6
989232823696,8,5,8,0,False,21230,21350,21437,207,29
989232823696,13,6,0,0,True,14590,14710,14797,207,29
989232823696,13,6,0,1,True,14797,14917,15004,207,29
989232823696,13,6,0,2,True,15004,15124,15211,207,29
989232823696,13,6,1,0,True,17505,17625,17654,149,10
989232823696,13,6,1,1,True,17954,18074,18101,147,9
989422303806,2,3,0,0,True,14521,14641,14670,,10
989422303806,2,3,0,1,True,14970,15090,15117,,9
989422303806,2,3,0,2,True,15117,15237,15266,,10
989422303806,2,3,2,0,True,15801,15921,15926,,2
989422303806,2,3,3,0,True,16346,16466,16467,,1
989422303806,1,5,0,0,False,22108,22228,22281,173,18
989422303806,1,5,1,0,False,22707,22827,22914,207,29
989422303806,1,5,1,1,False,22914,23034,23057,143,8
989422303806,1,5,2,0,False,23601,23721,23807,206,29
989422303806,1,5,2,1,False,24107,24227,24280,173,18
989442303806,1,6,0,0,True,14521,14641,14728,207,29
989442303806,1,6,0,1,True,14728,14848,14904,176,19
989442303806,1,6,0,2,True,15204,15324,15378,174,18
989442303806,1,6,3,0,True,19828,19948,20035,207,29
989442303806,1,6,3,1,True,20035,20155,20232,197,26
989992943266,13,2,2,0,True,15865,15985,15986,121,1
989992943266,13,2,3,0,True,17034,17154,17210,176,19
989992943266,13,2,3,1,True,17510,17630,17684,174,18
989992943266,13,2,3,2,True,17684,17804,17891,207,29
989992943266,13,2,5,0,True,18406,18526,18527,121,1
989992943266,16,3,5,0,True,15889,16009,16014,,2
989992943266,16,3,5,1,True,16314,16434,16436,,1
989992943266,16,3,5,2,True,16736,16856,16874,,6
989992943266,16,3,8,0,True,19241,19361,19369,,3
989992943266,16,3,9,0,True,19789,19909,19914,,2
989992943266,24,2,0,0,True,16221,16341,16428,207,29
989992943266,24,2,0,1,True,16428,16548,16635,207,29
989992943266,24,2,0,2,True,16635,16755,16842,207,29
989992943266,24,2,1,0,True,18074,18194,18281,207,29
989992943266,24,2,1,1,True,18281,18401,18488,207,29
989992943266,1,,0,0,True,15962,16082,16169,207,29
989992943266,1,,0,1,True,16169,16289,16309,140,7
989992943266,1,,0,2,True,16609,16729,16747,138,6
989992943266,21,7,0,0,True,14521,14641,14643,122,1
989992943266,21,7,1,0,True,15063,15183,15270,207,29
989992943266,21,7,1,1,True,15270,15390,15401,131,4
989992943266,21,7,1,2,True,15701,15821,15839,138,6
989992943266,17,3,5,0,True,15889,16009,16014,,2
989992943266,17,3,5,1,True,16314,16434,16436,,1
989992943266,17,3,5,2,True,16736,16856,16874,,6
989992943266,17,3,8,0,True,19241,19361,19369,,3
989992943266,17,3,9,0,True,19789,19909,19914,,2
989992943266,14,2,2,0,True,15865,15985,15986,121,1
989992943266,14,2,3,0,True,17034,17154,17210,176,19
989992943266,14,2,3,1,True,17510,17630,17684,174,18
989992943266,14,2,3,2,True,17684,17804,17891,207,29
989992943266,14,2,5,0,True,18406,18526,18527,121,1
989992943266,12,5,0,0,False,14521,14641,14643,122,1
989992943266,12,5,3,0,False,18001,18121,18198,197,26
989992943266,12,5,4,0,False,18638,18758,18790,152,11
989992943266,12,5,5,0,False,26798,26918,26920,122,1
989992943266,12,5,6,0,False,27483,27603,27617,134,5
989992943266,20,1,1,0,True,14859,14979,15038,179,20
989992943266,20,1,2,0,True,15460,15580,15585,125,2
989992943266,20,1,4,0,True,16304,16424,16511,207,29
989992943266,20,1,4,1,True,16511,16631,16705,194,25
989992943266,20,1,5,0,True,17136,17256,17343,207,29
989992943266,5,7,0,0,True,27011,27131,27132,121,1
989992943266,5,7,2,0,True,27429,,27531,102,0
989992943266,29,1,0,0,True,17727,17847,17848,121,1
989992943266,29,1,1,0,True,18142,18262,18309,167,16
989992943266,29,1,1,1,True,18609,18729,18731,122,1
989992943266,29,1,1,2,True,19031,19151,19169,138,6
989992943266,29,1,5,0,True,19899,20019,20020,121,1
989992943266,27,5,1,0,False,14615,14735,14736,121,1
989992943266,27,5,2,0,False,15704,15824,15825,121,1
989992943266,27,5,4,0,False,17638,17758,17759,121,1
989992943266,6,1,2,0,True,14971,15091,15096,125,2
989992943266,6,1,3,0,True,15516,15636,15637,121,1
989992943266,31,7,0,0,True,14792,14912,14999,207,29
989992943266,31,7,0,1,True,14999,15119,15120,121,1
989992943266,31,7,2,0,True,16650,16770,16857,207,29
989992943266,31,7,2,1,True,16857,16977,17060,203,28
989992943266,31,7,3,0,True,18079,18199,18216,137,6
989992943266,28,4,1,0,False,15624,15744,15745,121,1
989992943266,28,4,4,0,False,16914,17034,17097,183,14
989992943266,28,4,5,0,False,17517,17637,17776,259,29
989992943266,28,4,5,1,False,17776,17896,18002,226,23
989992943266,26,7,2,0,True,16591,16711,16767,176,19
989992943266,26,7,3,0,True,25283,25403,25404,121,1
989992943266,26,7,6,0,True,27418,27538,27543,125,2
989992943266,26,7,6,1,True,27843,27963,27981,138,6
989992943266,26,7,6,2,True,27981,28101,28106,125,2
989992943266,15,2,2,0,True,15865,15985,15986,121,1
989992943266,15,2,3,0,True,17034,17154,17210,176,19
989992943266,15,2,3,1,True,17510,17630,17684,174,18
989992943266,15,2,3,2,True,17684,17804,17891,207,29
989992943266,15,2,5,0,True,18406,18526,18527,121,1
989992943266,25,3,0,0,True,18439,18559,18561,,1
989992943266,25,3,0,1,True,18861,18981,18999,,6
989992943266,25,3,0,2,True,18999,19119,19120,,1
989992943266,25,3,1,0,True,20085,20205,20291,,29
989992943266,25,3,2,0,True,20737,20857,20922,,22
989992943266,18,3,5,0,True,15889,16009,16014,,2
989992943266,18,3,5,1,True,16314,16434,16436,,1
989992943266,18,3,5,2,True,16736,16856,16874,,6
989992943266,18,3,8,0,True,19241,19361,19369,,3
989992943266,18,3,9,0,True,19789,19909,19914,,2
989992943266,10,3,0,0,True,16659,16779,16781,,1
989992943266,10,3,0,1,True,17081,17201,17203,,1
989992943266,10,3,0,2,True,17503,17623,17641,,6
989992943266,10,3,1,0,True,18669,18789,18806,,6
989992943266,10,3,1,1,True,19106,19226,19244,,6
989992953266,1,5,6,0,False,16497,16617,16619,122,1
989992953266,1,5,7,0,False,17057,17177,17264,207,29
989992953266,1,5,7,1,False,17264,17384,17471,207,29
989992953266,1,5,7,2,False,17471,17591,17659,188,23
989992953266,1,5,8,0,False,18662,18782,18786,124,2
989992953266,2,5,6,0,False,16497,16617,16619,122,1
989992953266,2,5,7,0,False,17057,17177,17264,207,29
989992953266,2,5,7,1,False,17264,17384,17471,207,29
989992953266,2,5,7,2,False,17471,17591,17659,188,23
989992953266,2,5,8,0,False,18662,18782,18786,124,2
989992953266,3,5,6,0,False,16497,16617,16619,122,1
989992953266,3,5,7,0,False,17057,17177,17264,207,29
989992953266,3,5,7,1,False,17264,17384,17471,207,29
989992953266,3,5,7,2,False,17471,17591,17659,188,23
989992953266,3,5,8,0,False,18662,18782,18786,124,2
99223366,1,4,3,0,False,33609,33729,33745,136,4
99223366,1,4,3,1,False,34045,34165,34180,135,3
99223366,1,4,3,2,False,34180,34300,34301,121,1
99223366,1,4,4,0,False,36955,37075,37076,121,1
99223366,1,4,4,1,False,37376,37496,37507,131,3
999252563296,3,2,0,0,True,24336,24456,24457,121,1
999252563296,7,3,0,0,True,14521,14641,14728,,29
999252563296,7,3,0,1,True,14728,14848,14849,,1
999252563296,7,3,1,0,True,15332,15452,15539,,29
999252563296,7,3,1,1,True,15539,15659,15746,,29
999252563296,7,3,1,2,True,15746,15866,15867,,1
999252563296,8,4,0,0,False,14521,14641,14703,182,16
999252563296,8,4,0,1,False,15003,15123,15165,162,11
999252563296,8,4,0,2,False,15465,15585,15625,160,10
999252563296,8,4,1,0,False,16620,16740,16766,146,7
999252563296,8,4,1,1,False,17066,17186,17204,138,5
999252563296,1,1,0,0,True,23904,,23915,11,0
Solene,1,6,13,0,True,14644,14763,14764,120,1
Solene,1,6,15,0,True,17305,17424,17833,528,82
Solene,1,6,16,0,True,18259,18378,18472,213,19
Solene,1,6,17,0,True,19014,19133,19151,137,4
Solene,2,4,3,0,False,16557,16676,16713,156,8
Solene,2,4,4,0,False,17266,17385,17433,167,10
Solene,2,4,5,0,False,18342,18461,18467,125,2
Solene,2,4,6,0,False,19234,19353,19374,140,5
Solene,2,4,6,1,False,19673,19793,19813,140,4
Solene,2,4,6,2,False,19813,19932,19933,120,1
Solene,2,4,7,0,False,20733,20852,20878,145,6
Solene,2,4,9,0,False,23102,23221,23246,144,5
