pid,night_number,episode_index,train_index,disruptive_took_place,disruptive_start_epoch_sec,first_induction_epoch_sec,train_end_epoch_sec,train_duration_sec,induction_cues_count
09020306,2,7,0,False,18899,19018,19029,130,3
09020306,2,7,1,False,19328,19448,19458,130,2
09020306,2,7,2,False,19458,19577,19596,138,4
09020306,2,8,0,False,20247,20366,20417,170,11
09020306,1,0,0,False,14521,14640,14641,120,1
09020306,1,1,0,False,17125,17244,17245,120,1
09020306,1,3,0,False,18418,18537,18623,205,18
09020306,4,0,0,True,14521,14641,14642,121,1
09020306,3,1,0,False,15021,15140,15156,135,4
109742463786,2,0,0,True,23450,23570,23571,121,1
109742463786,2,1,0,True,23934,24054,24055,121,1
109742463786,2,2,0,True,24548,24668,24669,121,1
119252313396,1,0,0,False,14781,14901,14918,137,6
119252313396,1,1,0,False,16711,16831,16833,122,1
119252313396,1,2,0,False,17700,17820,17821,121,1
119252313396,1,3,0,False,20543,20663,20750,207,29
119252313396,1,3,1,False,20750,20870,20917,167,16
139662433656,2,0,0,True,17250,17370,17457,207,29
139662433656,2,0,1,True,17457,17577,17578,121,1
139662433656,2,1,0,True,17877,17997,17998,121,1
139662433656,2,2,0,True,20328,20448,20535,207,29
139662433656,2,2,1,True,20535,20655,20705,170,17
159532853506,1,3,0,False,15932,16051,16057,125,2
159532853506,1,3,1,False,16355,16475,16491,136,4
159532853506,1,6,0,False,17210,17329,17334,124,1
159532853506,1,17,0,False,21884,22003,22024,140,5
159532853506,1,17,1,False,22322,22442,22453,131,3
159532853506,3,0,0,True,14521,14640,14654,133,5
159532853506,3,0,1,True,14952,15072,15090,138,6
159532853506,3,0,2,True,15090,15209,15210,120,1
159532853506,3,8,0,True,16185,16304,16315,130,4
159532853506,3,12,0,True,17562,17681,17682,120,1
209652743806,1,0,0,True,14521,14641,14728,,29
209652743806,1,0,1,True,14728,14848,14935,,29
209652743806,1,0,2,True,14935,15055,15142,,29
209652743806,1,1,0,True,15578,15698,15785,,29
209652743806,1,1,1,True,15785,15905,15916,,4
239922773336,1,0,0,True,14526,,14560,34,0
269592263106,2,0,0,False,16761,16881,16895,134,5
269592263106,2,1,0,False,18253,18373,18450,197,26
269592263106,2,2,0,False,20351,20471,20472,121,1
269592263106,2,4,0,False,23792,23912,23935,143,8
269592263106,2,4,1,False,24235,24355,24363,128,3
269962413216,3,7,0,False,17561,17680,17706,145,6
269962413216,3,7,1,False,18004,18124,18145,141,5
269962413216,3,11,0,False,18646,18765,18960,314,39
269962413216,3,11,1,False,18960,19079,19091,131,3
269962413216,3,31,0,False,20481,20600,20651,170,11
269962413216,4,7,0,False,17561,17680,17706,145,6
269962413216,4,7,1,False,18004,18124,18145,141,5
269962413216,4,11,0,False,18646,18765,18960,314,39
269962413216,4,11,1,False,18960,19079,19091,131,3
269962413216,4,31,0,False,20481,20600,20651,170,11
269962413216,2,5,0,True,15036,15153,15229,,16
269962413216,2,6,0,True,17172,17289,17290,,1
269962413216,2,7,0,True,17773,17890,17901,,3
269962413216,2,8,0,True,21771,21888,21934,,10
269962413216,2,8,1,True,22228,22345,22346,,1
269962413216,8,3,0,False,15350,15469,15470,120,1
269962413216,8,6,0,False,16616,16735,16736,120,1
269962413216,8,13,0,False,17561,17680,17716,155,8
269962413216,8,13,1,False,18014,18134,18155,141,5
269962413216,8,13,2,False,18453,18573,18593,140,4
269962413216,5,7,0,False,17561,17680,17706,145,6
269962413216,5,7,1,False,18004,18124,18145,141,5
269962413216,5,11,0,False,18646,18765,18960,314,39
269962413216,5,11,1,False,18960,19079,19091,131,3
269962413216,5,31,0,False,20481,20600,20651,170,11
269962413216,6,0,0,True,14521,14640,14641,120,1
269962413216,6,9,0,True,24818,24937,24948,130,3
269962413216,6,9,1,True,25246,25366,25367,121,1
269962413216,6,10,0,True,25725,25844,25855,130,3
269962413216,6,10,1,True,26153,26273,26279,126,2
289492683306,2,0,0,True,14521,14640,14646,125,2
289492683306,2,3,0,True,16529,16648,16649,120,1
289492683306,2,5,0,True,16995,17114,17220,225,22
289492683306,2,5,1,True,17518,17638,17639,121,1
289492683306,2,6,0,True,17957,18076,18106,149,6
299342693996,2,0,0,True,18120,18240,18241,121,1
299342693996,2,2,0,True,22043,22163,22250,207,29
299342693996,2,2,1,True,22250,22370,22420,170,17
299342693996,2,3,0,True,23669,23789,23876,207,29
299342693996,2,3,1,True,23876,23996,24083,207,29
299542783686,1,0,0,True,15577,15697,15765,188,23
299542783686,1,1,0,True,16308,16428,16487,179,20
299542783686,1,2,0,True,18568,18688,18775,207,29
299542783686,1,2,1,True,18775,18895,18981,206,29
299542783686,1,2,2,True,19281,19401,19402,121,1
309772723476,8,0,0,True,14772,14891,14978,206,29
309772723476,8,0,1,True,14978,15097,15098,120,1
309772723476,8,13,0,True,22041,22160,22247,206,29
309772723476,8,13,1,True,22247,22366,22368,121,1
309772723476,8,15,0,True,23779,23898,23981,202,28
309772723476,9,0,0,True,14772,14891,14978,206,29
309772723476,9,0,1,True,14978,15097,15098,120,1
309772723476,9,13,0,True,22041,22160,22247,206,29
309772723476,9,13,1,True,22247,22366,22368,121,1
309772723476,9,15,0,True,23779,23898,23981,202,28
309772723476,10,0,0,True,14772,14891,14978,206,29
309772723476,10,0,1,True,14978,15097,15098,120,1
309772723476,10,13,0,True,22041,22160,22247,206,29
309772723476,10,13,1,True,22247,22366,22368,121,1
309772723476,10,15,0,True,23779,23898,23981,202,28
309772723476,1,20,0,True,16266,16385,16386,120,1
309772723476,1,55,0,True,20572,20691,20692,120,1
309772723476,1,56,0,True,21085,21204,21244,159,13
349462673936,2,0,0,False,20443,20563,20584,141,6
349462673936,2,1,0,False,21002,21122,21145,143,6
379172703886,1,0,0,True,14521,14641,14715,194,25
379172703886,1,0,1,True,15015,15135,15137,122,1
379172703886,1,1,0,True,17601,17721,17722,121,1
379172703886,1,2,0,True,19257,19377,19397,140,7
379172703886,1,3,0,True,20012,20132,20133,121,1
379502533246,1,2,0,True,14556,14675,14691,135,4
379502533246,2,2,0,True,14556,14675,14691,135,4
379502533246,3,2,0,True,14556,14675,14691,135,4
379882713876,5,0,0,True,19036,19155,19156,120,1
379882713876,5,3,0,True,20127,20246,20301,174,11
379882713876,5,7,0,True,23232,23351,23352,120,1
379882713876,5,9,0,True,25369,25488,25499,130,3
379882713876,5,13,0,True,30684,,30777,93,0
379882713876,9,1,0,True,16855,16974,16975,120,1
379882713876,9,4,0,True,17742,17861,17862,120,1
379882713876,9,8,0,True,18196,18315,18356,160,9
379882713876,9,10,0,True,19689,19808,19848,159,8
379882713876,9,15,0,True,20763,20882,20953,190,15
379882713876,10,1,0,True,16855,16974,16975,120,1
379882713876,10,4,0,True,17742,17861,17862,120,1
379882713876,10,8,0,True,18196,18315,18356,160,9
379882713876,10,10,0,True,19689,19808,19848,159,8
379882713876,10,15,0,True,20763,20882,20953,190,15
379882713876,6,0,0,True,19036,19155,19156,120,1
379882713876,6,3,0,True,20127,20246,20301,174,11
379882713876,6,7,0,True,23232,23351,23352,120,1
379882713876,6,9,0,True,25369,25488,25499,130,3
379882713876,6,13,0,True,30684,,30777,93,0
379882713876,13,0,0,True,15059,15178,15179,,1
379882713876,13,1,0,True,16107,16226,16227,,1
379882713876,13,2,0,True,19114,19233,19265,,11
379882713876,13,3,0,True,19829,19948,20013,,22
379882713876,13,7,0,True,25538,25657,25683,,9
379882713876,7,0,0,True,19036,19155,19156,120,1
379882713876,7,3,0,True,20127,20246,20301,174,11
379882713876,7,7,0,True,23232,23351,23352,120,1
379882713876,7,9,0,True,25369,25488,25499,130,3
379882713876,7,13,0,True,30684,,30777,93,0
379882713876,14,17,0,True,24884,25003,25004,120,1
379882713876,12,1,0,False,15405,15524,15538,133,5
379882713876,12,1,1,False,15837,15957,15975,138,6
379882713876,12,1,2,False,15975,16094,16141,166,16
379882713876,12,4,0,False,17023,17142,17143,120,1
379882713876,12,8,0,False,19182,19301,19330,148,10
379882713876,11,1,0,True,16855,16974,16975,120,1
379882713876,11,4,0,True,17742,17861,17862,120,1
379882713876,11,8,0,True,18196,18315,18356,160,9
379882713876,11,10,0,True,19689,19808,19848,159,8
379882713876,11,15,0,True,20763,20882,20953,190,15
389132113316,2,0,0,True,14597,14717,14718,121,1
389132113316,3,0,0,True,14597,14717,14718,121,1
389132113316,4,0,0,True,14597,14717,14718,121,1
429172883516,2,6,0,False,16157,16276,16302,145,6
429172883526,1,0,0,False,14521,14641,14642,121,1
429172883526,1,0,1,False,14942,15062,15138,196,16
429172883526,1,0,2,False,15438,15558,15564,126,2
429172883526,1,5,0,False,17279,17399,17400,121,1
429172883526,1,7,0,False,18876,18996,19002,126,2
429172883526,2,0,0,True,14521,14641,14712,191,15
429172883526,2,0,1,True,15012,15132,15133,121,1
429172883526,2,1,0,True,16477,16597,16598,121,1
429172883526,2,2,0,True,18277,18397,18398,121,1
429172883526,2,2,1,True,18698,18818,18854,156,8
429172883526,3,0,0,True,14687,14807,14818,131,3
429172883526,3,0,1,True,15118,15238,15248,130,2
429172883526,3,0,2,True,15248,15368,15409,161,9
429172883526,3,1,0,True,16266,16386,16412,146,6
429172883526,3,2,0,True,16934,17054,17180,246,26
429282923166,3,0,0,True,14521,14640,14653,132,3
429282923166,3,1,0,True,15645,15764,15880,235,24
429282923166,2,0,0,False,14676,14795,14796,120,1
429282923166,2,1,0,False,15849,15968,15984,135,4
429282923166,2,2,0,False,17987,18106,18187,200,17
429282923166,2,2,1,False,18485,18605,18685,200,16
429282923166,2,2,2,False,18685,18804,18835,150,7
429282923166,5,0,0,False,14930,15049,15050,120,1
429282923166,5,1,0,False,15392,15511,15522,130,3
429282923166,5,1,1,False,15820,15940,15941,121,1
429282923166,5,2,0,False,16765,16884,16900,135,4
429282923166,5,2,1,False,17198,17318,17333,135,3
429282923166,4,1,0,True,16952,17071,17072,,1
429282923166,4,2,0,True,18221,18340,18351,,3
429282923166,4,3,0,True,18825,18944,18945,,1
429282923166,4,4,0,True,19751,19870,19871,,1
429282923166,4,6,0,True,21612,21731,21732,,1
459282513106,1,0,0,True,15853,15972,15993,140,5
469412693116,1,1,0,True,18050,18170,18171,,1
469412693116,1,2,0,True,19702,19822,19854,,11
469412693116,1,3,0,True,20455,20575,20576,,1
469412693116,1,4,0,True,20787,20907,20960,,18
469412693116,1,4,1,True,21260,21380,21388,,3
519712933526,2,5,0,True,26788,26908,26909,121,1
519712933526,2,6,0,True,27235,27355,27384,149,10
519712933526,2,6,1,True,27684,27804,27805,121,1
559112503106,2,0,0,True,16304,16424,16450,146,9
559112503106,2,1,0,True,16870,16990,16991,121,1
559112503106,2,2,0,True,18480,18600,18601,121,1
559112503106,2,4,0,True,19920,20040,20041,121,1
559112503106,2,5,0,True,20417,20537,20538,121,1
559152833836,3,0,0,True,14521,14641,14661,140,7
559152833836,3,0,1,True,14961,15081,15086,125,2
559152833836,3,1,0,True,17070,17190,17264,194,25
609382353906,1,5,0,False,19345,19465,19466,121,1
609382353906,1,7,0,False,19840,19960,19968,128,3
609382353906,1,7,1,False,20268,20388,20389,121,1
649352693886,6,3,0,True,14864,14984,15001,,6
649352693886,6,4,0,True,16406,16526,16540,,5
649352693886,6,4,1,True,16840,16960,16961,,1
649352693886,6,5,0,True,20128,20248,20271,,8
649352693886,5,0,0,True,14521,14641,14664,143,8
649352693886,5,0,1,True,14964,15084,15104,140,7
649352693886,5,0,2,True,15404,15524,15538,134,5
649352693886,5,1,0,True,17097,17217,17235,138,6
649352693886,5,4,0,True,17492,17612,17629,137,6
669392133326,1,1,0,False,17147,17266,17325,178,20
669392133326,1,1,1,False,17623,17743,17763,140,7
669392133326,1,7,0,False,22550,22669,22698,148,10
669392133326,1,7,1,False,22996,23116,23117,121,1
669392133326,1,9,0,False,24003,,24056,53,0
669392133326,2,1,0,False,17147,17266,17325,178,20
669392133326,2,1,1,False,17623,17743,17763,140,7
669392133326,2,7,0,False,22550,22669,22698,148,10
669392133326,2,7,1,False,22996,23116,23117,121,1
669392133326,2,9,0,False,24003,,24056,53,0
669392133326,3,1,0,False,17147,17266,17325,178,20
669392133326,3,1,1,False,17623,17743,17763,140,7
669392133326,3,7,0,False,22550,22669,22698,148,10
669392133326,3,7,1,False,22996,23116,23117,121,1
669392133326,3,9,0,False,24003,,24056,53,0
689222633176,1,18,0,True,17924,18043,18044,120,1
719202523406,2,2,0,True,16134,,16239,105,0
729422983146,1,0,0,True,14611,14731,14732,121,1
729422983146,1,1,0,True,15276,15396,15483,207,29
729422983146,1,1,1,True,15483,15603,15690,207,29
729422983146,1,1,2,True,15690,15810,15897,207,29
729422983146,1,2,0,True,18588,18708,18795,207,29
769362533216,1,0,0,True,15982,16102,16103,121,1
769362533216,1,1,0,True,17806,17926,18013,207,29
769362533216,1,1,1,True,18013,18133,18134,121,1
769362533216,1,2,0,True,18471,18591,18674,203,28
809312773786,2,7,0,True,14649,14768,14797,,10
809312773786,2,13,0,True,15338,15457,15525,,23
829182423846,1,0,0,False,14796,14915,14931,135,4
829182423846,1,0,1,False,15229,15349,15364,135,3
829182423846,1,0,2,False,15364,15483,15489,125,2
849952193866,2,0,0,True,14545,14664,14665,120,1
849952193866,2,0,1,True,14964,15084,15125,161,9
849952193866,2,1,0,True,15817,,15843,26,0
859972693426,1,5,0,True,17656,17776,17802,146,9
869822633666,1,2,0,False,21317,21437,21438,121,1
869822633666,1,3,0,False,23059,23179,23321,262,29
869822633666,1,3,1,False,23321,23441,23471,150,7
869982223106,1,0,0,True,16114,16234,16321,207,29
869982223106,1,0,1,True,16321,16441,16528,207,29
869982223106,1,0,2,True,16528,16648,16649,121,1
869982223106,1,1,0,True,17019,17139,17226,207,29
869982223106,1,1,1,True,17226,17346,17396,170,17
909232733626,2,0,0,True,15375,15495,15506,,4
929882413656,1,0,0,True,15954,16074,16094,,7
929882413656,1,0,1,True,16394,16514,16515,,1
929882413656,1,1,0,True,16926,17046,17084,,13
989102553716,5,0,0,True,14521,14638,14725,204,29
989102553716,5,0,1,True,14725,14842,14868,143,9
989102553716,5,10,0,True,21509,21626,21627,118,1
989102553716,10,25,0,True,23174,23291,23293,,1
989102553716,3,26,0,True,20173,20290,20349,176,20
989102553716,3,28,0,True,21883,22000,22087,204,29
989102553716,3,28,1,True,22087,22204,22211,124,3
989102553716,3,29,0,True,24164,24281,24286,122,2
989102553716,4,2,0,True,14893,15010,15011,118,1
989102553716,4,46,0,True,18857,18974,18975,118,1
989102553716,1,0,0,False,14521,14638,14667,146,6
989102553716,1,4,0,False,16615,16732,16753,138,5
989102553716,1,14,0,False,17764,17881,17907,143,6
989102553716,1,15,0,False,18327,18444,18445,118,1
989102553716,8,4,0,True,14697,14814,14815,,1
989102553716,8,9,0,True,15085,15202,15264,,21
989102553716,8,21,0,True,16624,16741,16806,,22
989102553716,8,21,1,True,17100,17217,17280,,21
989102553716,8,21,2,True,17280,17397,17401,,2
989102553716,7,12,0,True,15782,15899,15900,118,1
989102553716,7,23,0,True,18022,18139,18140,118,1
989102553716,7,27,0,True,18835,18952,18953,118,1
989102553716,7,33,0,True,22175,22292,22321,146,10
989102553716,11,25,0,True,23174,23291,23293,,1
989102553716,12,3,0,True,17087,17204,17205,118,1
989102553716,2,0,0,False,14521,14638,14725,204,29
989102553716,2,0,1,False,14725,14842,14843,118,1
989102553716,2,1,0,False,15145,15262,15300,155,13
989102553716,2,6,0,False,15496,15613,15684,188,24
989102553716,2,16,0,False,16302,16419,16420,118,1
989102553716,13,13,0,True,15466,15583,15584,118,1
989102553716,13,19,0,True,16926,17043,17097,171,18
989102553716,9,40,0,False,19940,20057,20058,118,1
989102553716,9,48,0,False,23792,23909,23912,120,1
989102553716,9,71,0,False,24605,24722,24723,118,1
989102553716,9,74,0,False,25449,25566,25613,164,12
989102553716,9,75,0,False,26038,26155,26156,118,1
989422303806,1,0,0,False,22108,22228,22281,173,18
989422303806,1,1,0,False,22707,22827,22914,207,29
989422303806,1,1,1,False,22914,23034,23057,143,8
989422303806,1,2,0,False,23601,23721,23807,206,29
989422303806,1,2,1,False,24107,24227,24280,173,18
99223366,1,3,0,False,33609,33729,33745,136,4
99223366,1,3,1,False,34045,34165,34180,135,3
99223366,1,3,2,False,34180,34300,34301,121,1
99223366,1,4,0,False,36955,37075,37076,121,1
99223366,1,4,1,False,37376,37496,37507,131,3
999252563296,1,0,0,True,23904,,23915,11,0
Solene,1,13,0,True,14644,14763,14764,120,1
Solene,1,15,0,True,17305,17424,17833,528,82
Solene,1,16,0,True,18259,18378,18472,213,19
Solene,1,17,0,True,19014,19133,19151,137,4
Solene,2,3,0,False,16557,16676,16713,156,8
Solene,2,4,0,False,17266,17385,17433,167,10
Solene,2,5,0,False,18342,18461,18467,125,2
Solene,2,6,0,False,19234,19353,19374,140,5
Solene,2,6,1,False,19673,19793,19813,140,4
Solene,2,6,2,False,19813,19932,19933,120,1
Solene,2,7,0,False,20733,20852,20878,145,6
Solene,2,9,0,False,23102,23221,23246,144,5
